id,total_emp,basic_emp,retail_emp,service_emp,n_HHs,hbo_attr,hbw_attr,nhb_attr,total_attr,car_access,no_car_access
270833606004053,0,0,0,0,3,2.1,0,1.8,3.9,64601.36861744218,1093.4178760034642
270833605003016,0,0,0,0,8,5.6,0,4.8,10.4,95147.81146070643,28324.820743617656
270833604001038,0,0,0,0,25,17.5,0,15,32.5,96466.44538017546,2230.268631418093
270833606003002,0,0,0,0,2,1.4,0,1.2,2.6,18531.656820607284,2.006432980656203
270833602001148,0,0,0,0,3,2.1,0,1.8,3.9,13705.304530393038,2.993181523685779
270833606002113,0,0,0,0,1,0.7,0,0.6,1.3,84215.07789517968,6.918055282692551
270833601004034,14,2,0,12,11,51.1,16.8,24.4,92.3,84407.67697713629,3973.1057698205263
270833603004007,185,52,49,84,6,746.2,222,377.5,1345.7,96203.70036272578,29243.929147887477
270833602003021,0,0,0,0,5,3.5,0,3,6.5,85166.0959093476,6.659176103430318
270833607002043,0,0,0,0,1,0.7,0,0.6,1.3,36941.060815952296,3887.091681935211
270833606002075,0,0,0,0,6,4.2,0,3.6,7.8,85358.39223988986,967.0729119415771
270833606001158,0,0,0,0,1,0.7,0,0.6,1.3,6242.525921794727,10.115983570959113
270833602002010,0,0,0,0,1,0.7,0,0.6,1.3,91572.71791304118,390.41396524495406
270833607001022,0,0,0,0,7,4.9,0,4.2,9.1,71441.44976947871,3195.5767704166587
270833606001031,0,0,0,0,2,1.4,0,1.2,2.6,74303.83123468762,2.0144932513046023
270833601003026,0,0,0,0,7,4.9,0,4.2,9.1,73419.00728544491,268.8120702891189
270833605002012,66,0,0,66,260,413,79.2,248.4,740.6,92481.78719051684,18997.14886988905
270833601001134,0,0,0,0,1,0.7,0,0.6,1.3,87381.20492185107,2.5167387729589623
270833605001041,310,1,8,301,16,1132.6,372,469.1,1973.7,96367.3378415539,35928.13927607946
270833602002113,0,0,0,0,1,0.7,0,0.6,1.3,90416.35364788528,487.9955899643151
270833606004016,0,0,0,0,5,3.5,0,3,6.5,69607.44764476221,1115.5008997685861
270833606004050,0,0,0,0,8,5.6,0,4.8,10.4,58041.623859323,1063.6057729695822
270833606001152,5,0,0,5,2,18.9,6,8.2,33.1,6375.378794182516,32.968335126129745
270833601002024,0,0,0,0,22,15.4,0,13.2,28.6,84918.4406378083,3222.9299426846706
270833602001120,0,0,0,0,2,1.4,0,1.2,2.6,73926.2562898996,2.0136571967808905
270833601001115,0,0,0,0,4,2.8,0,2.4,5.2,86592.82747279848,5.279064865261591
270833606001081,0,0,0,0,2,1.4,0,1.2,2.6,9962.09606146255,2.1511284128389425
270833606001018,0,0,0,0,1,0.7,0,0.6,1.3,55800.98602574282,239.89471881754685
270833604002004,7,0,0,7,21,39.2,8.4,22.4,70,95833.88389788849,38862.89449381904
270833606002050,0,0,0,0,1,0.7,0,0.6,1.3,58116.59776254238,1.4655306143216575
270833601004053,0,0,0,0,18,12.6,0,10.8,23.4,83363.56642027124,4436.148792983829
270833607002028,3,0,0,3,12,18.9,3.6,11.4,33.9,60576.62665675396,4726.029537118725
270833602001024,0,0,0,0,3,2.1,0,1.8,3.9,80283.17269959366,3.185214101362255
270833601001141,0,0,0,0,1,0.7,0,0.6,1.3,78077.1402772839,3.88183453217042
270833607003013,0,0,0,0,1,0.7,0,0.6,1.3,54266.65263659855,3720.6281139702046
270833606003036,0,0,0,0,1,0.7,0,0.6,1.3,73905.6737466615,1.0073393237920412
270833603003018,4,0,0,4,10,21,4.8,11.6,37.4,96491.37389529205,30525.432253444884
270833601003072,0,0,0,0,1,0.7,0,0.6,1.3,38086.298320791684,5.739807246489271
270833602003075,0,0,0,0,3,2.1,0,1.8,3.9,67027.79194170423,5.095942208155871
270833604001010,0,0,0,0,45,31.5,0,27,58.5,97005.22978140289,18523.787109524095
270833602001109,28,27,0,1,2,23.8,33.6,16.1,73.5,84090.54738505371,72.94823909481093
270833602002092,15,15,0,0,1,11.2,18,8.1,37.3,91744.76491271726,521.2060130782269
270833602002053,8,8,0,0,22,21,9.6,17.2,47.8,86174.17272705695,48.96247510444213
270833606004024,0,0,0,0,7,4.9,0,4.2,9.1,66191.02502159998,1112.7855770531987
270833606002078,0,0,0,0,4,2.8,0,2.4,5.2,83343.50898939931,969.5704411191167
270833604002034,81,0,0,81,11,291.2,97.2,119.99999999999999,508.4,96676.3834554026,41267.74462241358
270833601001058,0,0,0,0,2,1.4,0,1.2,2.6,16340.457788466349,1.9992798003838017
270833601003063,0,0,0,0,7,4.9,0,4.2,9.1,82871.17285235762,3494.7885896505745
270833602001052,0,0,0,0,2,1.4,0,1.2,2.6,91335.69707221758,566.9455593292028
270833602001136,0,0,0,0,2,1.4,0,1.2,2.6,53446.71621270893,5.202923296505283
270833602003083,0,0,0,0,1,0.7,0,0.6,1.3,75338.56748570057,1.1666738179403826
270833602002037,0,0,0,0,5,3.5,0,3,6.5,87077.83055272975,254.59375347863005
270833606001015,0,0,0,0,1,0.7,0,0.6,1.3,62139.31995555959,2.2694911498805768
270833603002008,0,0,0,0,20,14,0,12,26,96232.24468013529,26845.30431867778
270833606003140,0,0,0,0,1,0.7,0,0.6,1.3,58439.88397415562,2.986193290728931
270833606001062,0,0,0,0,1,0.7,0,0.6,1.3,11872.879929031442,1.127527973521512
270833606001114,0,0,0,0,1,0.7,0,0.6,1.3,69835.9582635526,27.029993253140297
270833601003039,84,0,0,84,19,307.3,100.8,129,537.1,79864.54324259315,2610.9875410903624
270833601003077,0,0,0,0,4,2.8,0,2.4,5.2,5823.645963184116,4.9987119448308395
270833607001009,0,0,0,0,8,5.6,0,4.8,10.4,65414.386581641396,3459.765188073101
270833606002099,0,0,0,0,6,4.2,0,3.6,7.8,70529.46097412182,8.656670860863915
270833602003079,0,0,0,0,4,2.8,0,2.4,5.2,75022.60833471829,5.0478024055427495
270833606002098,0,0,0,0,1,0.7,0,0.6,1.3,67610.61519160708,1.0149854898369215
270833607002023,5,5,0,0,14,13.3,6,10.9,30.2,58212.33946764536,4640.025937586716
270833602001017,0,0,0,0,2,1.4,0,1.2,2.6,90158.69367396423,553.8186291700847
270833601003065,0,0,0,0,10,7,0,6,13,83086.53761040687,2980.596652834277
270833602003099,2,2,0,0,4,4.2,2.4,3.4,10,90454.09759373941,21.663398767089674
270833602003133,0,0,0,0,1,0.7,0,0.6,1.3,83050.87684688035,1.9699980730824596
270833602003093,0,0,0,0,2,1.4,0,1.2,2.6,76448.81719405063,2.0406821427095947
270833606003113,0,0,0,0,2,1.4,0,1.2,2.6,83686.63173491496,212.71501899742566
270833604002013,5,0,5,0,7,46.9,6,27.7,80.6,96150.62692561162,37641.76692402553
270833602001008,0,0,0,0,2,1.4,0,1.2,2.6,75190.13816730978,7.842086803750291
270833601004054,4,0,0,4,29,34.3,4.8,23,62.1,83981.68409731677,4335.5366378941135
270833606001104,0,0,0,0,1,0.7,0,0.6,1.3,63682.890510893,27.141427914286712
270833602002120,0,0,0,0,6,4.2,0,3.6,7.8,88532.43072801907,512.2343293838569
270833602001139,0,0,0,0,4,2.8,0,2.4,5.2,67893.09801714326,6.15818352464292
270833602001097,0,0,0,0,2,1.4,0,1.2,2.6,63081.23484556394,3.249233238313242
270833606001046,0,0,0,0,1,0.7,0,0.6,1.3,29053.606966627394,1.0007965588303285
270833602001118,0,0,0,0,3,2.1,0,1.8,3.9,78125.40613434603,2.9953272633779466
270833601001132,0,0,0,0,3,2.1,0,1.8,3.9,69687.61094518204,3.0260334075471653
270833602003049,0,0,0,0,3,2.1,0,1.8,3.9,76234.63761197992,3.0499360193874865
270833602003158,19,19,0,0,6,17.5,22.8,13.1,53.4,86245.42159648439,53.142665098049406
270833602001040,0,0,0,0,13,9.1,0,7.8,16.9,90255.98716903898,565.4640429004478
270833606003144,0,0,0,0,1,0.7,0,0.6,1.3,8445.62927058562,0.9977546554056457
270833606001069,0,0,0,0,1,0.7,0,0.6,1.3,59391.06808711276,1.1237254728434491
270833602003064,0,0,0,0,2,1.4,0,1.2,2.6,83861.61701571172,2.0799971253258716
270833602002005,0,0,0,0,6,4.2,0,3.6,7.8,89488.47239224023,7.09404594597558
270833602002002,0,0,0,0,2,1.4,0,1.2,2.6,94668.00569314996,2.330695712812983
270833603001002,0,0,0,0,16,11.2,0,9.6,20.8,95446.08610596682,14962.251984631845
270833605003035,0,0,0,0,31,21.7,0,18.6,40.3,95322.40860310716,34099.79512116185
270833601001026,0,0,0,0,3,2.1,0,1.8,3.9,83447.53121704521,4.045964913168486
270833604002005,0,0,0,0,20,14,0,12,26,95923.09044817906,38662.985768443294
270833601001008,0,0,0,0,2,1.4,0,1.2,2.6,45916.31187929507,12.012675712940018
270833602001007,0,0,0,0,1,0.7,0,0.6,1.3,87017.63789049057,3.468485139066233
270833603002002,0,0,0,0,14,9.8,0,8.4,18.2,95694.26870185391,28860.24887336161
270833601001069,0,0,0,0,2,1.4,0,1.2,2.6,30840.172265110585,2.0918043395601327
270833606001013,0,0,0,0,1,0.7,0,0.6,1.3,20392.44949301017,1.0256932714348403
270833606001142,0,0,0,0,2,1.4,0,1.2,2.6,33452.35958099171,118.15971161180813
270833606003123,21,0,0,21,5,77,25.2,32.4,134.6,86231.9810114766,213.1143451977902
270833606001083,0,0,0,0,1,0.7,0,0.6,1.3,16444.831318836284,4.006114923974573
270833601004046,0,0,0,0,4,2.8,0,2.4,5.2,84320.50945948526,3955.7837667100675
270833601004028,27,0,0,27,37,120.4,32.4,60,212.8,84445.4151914419,2441.0486405029733
270833602001078,6,6,0,0,4,6.999999999999999,7.2,5.4,19.6,22918.882316773055,19.026950516125947
270833606003135,0,0,0,0,1,0.7,0,0.6,1.3,16821.569801113408,7.8448954416509435
270833606003127,0,0,0,0,1,0.7,0,0.6,1.3,15436.356415285294,1.0090281876642513
270833607003001,0,0,0,0,1,0.7,0,0.6,1.3,30127.466651062496,699.9866079692057
270833601001045,0,0,0,0,4,2.8,0,2.4,5.2,14355.594466584596,5.499709232564378
270833602003066,5,5,0,0,4,6.3,6,4.9,17.2,81474.51754247102,17.624778522113306
270833602002003,0,0,0,0,3,2.1,0,1.8,3.9,79249.12625153629,2.9932228689951454
270833606003080,1,1,0,0,3,2.8,1.2,2.3,6.3,64703.0560217161,8.291874145494367
270833605001015,1,1,0,0,29,20.999999999999996,1.2,17.9,40.1,95392.80153563837,26589.691096524824
270833603003006,0,0,0,0,27,18.9,0,16.2,35.1,93487.26192711676,14466.243074642969
270833606004049,0,0,0,0,6,4.2,0,3.6,7.8,61152.41613961642,1094.6123669649705
270833606003141,0,0,0,0,1,0.7,0,0.6,1.3,9773.650141924525,1.0081785219768555
270833601001022,0,0,0,0,2,1.4,0,1.2,2.6,52552.73429791634,3.4971154562415316
270833606003058,0,0,0,0,2,1.4,0,1.2,2.6,68320.83180466035,5.590628012055815
270833602001029,0,0,0,0,4,2.8,0,2.4,5.2,17360.750453793855,5.996273922157057
270833606002085,0,0,0,0,1,0.7,0,0.6,1.3,27266.19049756224,1.0193269602244626
270833602003126,0,0,0,0,2,1.4,0,1.2,2.6,75286.3731743363,1.9999038738369437
270833602003159,0,0,0,0,4,2.8,0,2.4,5.2,82764.38455001895,7.115589763476005
270833601002015,0,0,0,0,15,10.5,0,9,19.5,84242.3119740538,3587.956801130411
270833602001147,0,0,0,0,2,1.4,0,1.2,2.6,14133.807152635874,2.0664835528397063
270833601001085,0,0,0,0,4,2.8,0,2.4,5.2,60139.428591537246,5.451180651459908
270833603002023,0,0,0,0,14,9.8,0,8.4,18.2,95764.63582250547,16465.806455821796
270833603002029,0,0,0,0,19,13.3,0,11.4,24.7,95494.2605053372,5911.045217310174
270833604001033,0,0,0,0,5,3.5,0,3,6.5,95961.93389736756,12993.569970610193
270833605001030,0,0,0,0,15,10.5,0,9,19.5,96080.55763763767,30318.468678271845
270833604002018,11,11,0,0,12,16.1,13.2,12.7,42,96209.15508242925,39540.38657289877
270833603001018,0,0,0,0,12,8.4,0,7.2,15.6,94825.94436013723,2277.366830239401
270833606002025,0,0,0,0,2,1.4,0,1.2,2.6,88311.17587550031,38.607805336190445
270833606002002,0,0,0,0,8,5.6,0,4.8,10.4,73317.4254526781,9.977133095993874
270833606002110,0,0,0,0,2,1.4,0,1.2,2.6,51783.29975924441,2.007791334272695
270833602003068,0,0,0,0,3,2.1,0,1.8,3.9,75260.97404532217,3.3171637296243963
270833602002013,8,8,0,0,2,7,9.6,5.2,21.8,87497.10994395586,101.58100696010217
270833601001112,0,0,0,0,3,2.1,0,1.8,3.9,75258.63986022219,3.6346172144139457
270833607002021,0,0,0,0,12,8.4,0,7.2,15.6,61180.32403959118,4303.968839635037
270833603003004,147,78,5,64,39,347.9,176.4,175.5,699.8,94371.704879058,18652.87322158822
270833606003136,0,0,0,0,5,3.5,0,3,6.5,32233.267309383467,5.995977773021728
270833605002013,11,0,0,11,14,48.3,13.2,23.8,85.3,95636.22324426756,20781.526625831975
270833602003161,0,0,0,0,6,4.2,0,3.6,7.8,83171.36699517861,16.830283992179567
270833601002011,0,0,0,0,10,7,0,6,13,84251.50122224422,3655.33309837248
270833602003029,0,0,0,0,6,4.2,0,3.6,7.8,91837.8733017902,47.97436247386259
270833601001032,0,0,0,0,2,1.4,0,1.2,2.6,61772.972489772575,2.2075343852722518
270833603002010,0,0,0,0,25,17.5,0,15,32.5,95904.6125385592,27031.50439374358
270833604001036,0,0,0,0,23,16.1,0,13.8,29.9,96770.28205055348,5338.66966781971
270833606002009,0,0,0,0,4,2.8,0,2.4,5.2,56149.851750111586,5.010763959463304
270833606003031,0,0,0,0,1,0.7,0,0.6,1.3,86541.47260288465,40.22187467746211
270833603001013,0,0,0,0,22,15.4,0,13.2,28.6,94753.0818602322,3228.3507337928145
270833602003135,0,0,0,0,4,2.8,0,2.4,5.2,63191.84993044752,4.997890527272278
270833605001025,6,0,0,6,1,21.7,7.2,8.999999999999998,37.9,94252.95133408614,17512.282642497154
270833607001015,0,0,0,0,8,5.6,0,4.8,10.4,69274.78895639136,3647.7414741543207
270833607003010,0,0,0,0,15,10.5,0,9,19.5,49974.24972707253,4026.1034777479263
270833607002039,2,0,0,2,4,9.8,2.4,5.2,17.4,57268.606248192824,4848.7518885658565
270833603004019,5,0,0,5,25,35,6,22,63,93869.77022579605,1719.9895287600727
270833605003033,2,2,0,0,9,7.7,2.4,6.4,16.5,95851.70912272694,32827.88497797019
270833606003016,0,0,0,0,1,0.7,0,0.6,1.3,53256.520852423215,0.9999792765299714
270833602002078,2,2,0,0,18,14,2.4,11.8,28.2,77300.07589915946,27.872985913811128
270833602002074,0,0,0,0,1,0.7,0,0.6,1.3,78778.60200161318,2.498409799705873
270833601004002,0,0,0,0,1,0.7,0,0.6,1.3,59316.974770215,1.6931106031232028
270833601003043,0,0,0,0,4,2.8,0,2.4,5.2,37189.27974336154,7.834920001274349
270833603004025,0,0,0,0,23,16.1,0,13.8,29.9,94853.89730952571,24724.41976389442
270833602002099,0,0,0,0,2,1.4,0,1.2,2.6,88402.68003187464,512.9167590751499
270833606003147,0,0,0,0,1,0.7,0,0.6,1.3,12504.642461520654,1.0082233837951693
270833604001026,0,0,0,0,8,5.6,0,4.8,10.4,96291.63343240267,3255.1176900249225
270833606003047,0,0,0,0,1,0.7,0,0.6,1.3,8298.096413483081,1.0081465891257402
270833602001152,0,0,0,0,2,1.4,0,1.2,2.6,4167.078136800008,2.0021357818551446
270833606002073,0,0,0,0,2,1.4,0,1.2,2.6,85973.1476359205,977.5706510013074
270833602001084,0,0,0,0,3,2.1,0,1.8,3.9,72981.92981957791,2.9990119184862043
270833602002018,3,0,1,2,9,21.7,3.6,12.9,38.2,75824.78462075217,41.12473383070917
270833601004033,0,0,0,0,11,7.7,0,6.6,14.3,83935.38076794086,3971.134901418311
270833601001062,0,0,0,0,5,3.5,0,3,6.5,39788.858773893124,5.99600268011301
270833602003019,1,0,0,1,3,5.6,1.2,3.2,10,77817.77067349362,12.929497746675914
270833601001147,0,0,0,0,1,0.7,0,0.6,1.3,75221.14220249502,2.8150440420293554
270833603003019,0,0,0,0,5,3.5,0,3,6.5,94037.39922164053,15786.99186085673
270833604002033,2,0,0,2,3,9.1,2.4,4.6,16.1,97019.52388357277,41124.41766654775
270833601004045,0,0,0,0,5,3.5,0,3,6.5,84253.84640018735,4225.062385628552
270833606003088,0,0,0,0,1,0.7,0,0.6,1.3,55373.57019505083,1.116483314530801
270833607002003,2,2,0,0,8,7,2.4,5.8,15.2,67042.85811560883,3884.1477073876376
270833601001151,0,0,0,0,3,2.1,0,1.8,3.9,17732.546588359644,3.225557223484155
270833601001079,0,0,0,0,5,3.5,0,3,6.5,13897.711523244838,6.360817892695639
270833607002047,0,0,0,0,3,2.1,0,1.8,3.9,40565.922333688504,3595.675617154374
270833605003014,0,0,0,0,27,18.9,0,16.2,35.1,94778.33868814843,24942.592435374307
270833601003059,0,0,0,0,9,6.3,0,5.4,11.7,83706.11925488854,3660.022037582692
270833602002114,0,0,0,0,4,2.8,0,2.4,5.2,88107.78594995702,21.35793905371192
270833606004022,0,0,0,0,8,5.6,0,4.8,10.4,64508.569331870836,1120.2612783178902
270833601001093,0,0,0,0,1,0.7,0,0.6,1.3,55121.20042572938,2.9920021692610037
270833603001015,0,0,0,0,51,35.7,0,30.6,66.3,96410.27262386521,4426.045430979403
270833606003039,0,0,0,0,3,2.1,0,1.8,3.9,55094.45561811529,3.00140234004836
270833601001120,0,0,0,0,3,2.1,0,1.8,3.9,46648.35833835826,4.99907467372701
270833606001080,0,0,0,0,6,4.2,0,3.6,7.8,5970.544446672198,9.495266113260342
270833606001155,0,0,0,0,1,0.7,0,0.6,1.3,2927.6296233586095,1.9699744544372226
270833601002008,0,0,0,0,14,9.8,0,8.4,18.2,82943.3276158519,3613.7495280378535
270833606003133,0,0,0,0,3,2.1,0,1.8,3.9,7690.46230353284,2.99757807133986
270833602002082,0,0,0,0,2,1.4,0,1.2,2.6,60034.844273840135,4.987082274403629
270833601004043,0,0,0,0,14,9.8,0,8.4,18.2,85156.51832124463,3390.751891851576
270833601001038,0,0,0,0,4,2.8,0,2.4,5.2,78673.13527545471,5.031059791112112
270833601001116,0,0,0,0,2,1.4,0,1.2,2.6,62005.154840147334,2.7158556848919972
270833602001000,0,0,0,0,1,0.7,0,0.6,1.3,67735.8696540707,1.0204570602780483
270833602003018,0,0,0,0,1,0.7,0,0.6,1.3,87593.67872004765,3.5980399543917314
270833606003130,0,0,0,0,8,5.6,0,4.8,10.4,45291.32097998375,1889.828767617179
270833607003018,0,0,0,0,1,0.7,0,0.6,1.3,49195.304516024684,3834.267917290121
270833606003022,0,0,0,0,1,0.7,0,0.6,1.3,7382.512439432862,1.0107138028136207
270833606004046,0,0,0,0,17,11.9,0,10.2,22.1,51799.07847505773,858.8343642113997
270833606002021,0,0,0,0,2,1.4,0,1.2,2.6,56093.71437610802,2.030775605172628
270833601003080,0,0,0,0,3,2.1,0,1.8,3.9,60760.16345944568,442.0178720574219
270833604001023,18,15,3,0,2,37.1,21.6,22.8,81.5,89341.85072510515,137.4625919019679
270833607002012,0,0,0,0,9,6.3,0,5.4,11.7,59559.21335864111,4322.035604130802
270833601004008,0,0,0,0,1,0.7,0,0.6,1.3,84232.50196585034,4534.136580958307
270833601004013,0,0,0,0,6,4.2,0,3.6,7.8,83214.28456999999,4473.9670590837795
270833606004047,0,0,0,0,4,2.8,0,2.4,5.2,57731.07432028093,1003.6881103558898
270833606001157,0,0,0,0,1,0.7,0,0.6,1.3,60324.12146396201,27.24247845668239
270833606001016,0,0,0,0,4,2.8,0,2.4,5.2,31955.114754532442,5.025550341180864
270833603003016,7,7,0,0,11,12.6,8.4,10.1,31.1,95717.77401008882,27225.39844488884
270833606003069,0,0,0,0,3,2.1,0,1.8,3.9,10807.926301915675,6.013542734946638
270833602003130,0,0,0,0,3,2.1,0,1.8,3.9,84946.81900619456,2.9993925950681293
270833603002025,0,0,0,0,15,10.5,0,9,19.5,95721.72841358218,16315.259605464622
270833602003040,0,0,0,0,1,0.7,0,0.6,1.3,34601.718898146886,0.9992550855291386
270833602002022,0,0,0,0,3,2.1,0,1.8,3.9,63501.88345540401,9.750402518090038
270833606002111,0,0,0,0,1,0.7,0,0.6,1.3,80123.68578327673,1.2030298249144564
270833606003053,0,0,0,0,3,2.1,0,1.8,3.9,20458.92014379823,4.082828440621875
270833606002077,0,0,0,0,2,1.4,0,1.2,2.6,85206.83481947164,978.2715198069468
270833607002030,0,0,0,0,5,3.5,0,3,6.5,55564.185524802364,4411.369307584788
270833603003020,24,24,0,0,20,30.8,28.8,24,83.6,93975.01804356098,7172.193107324447
270833602001067,0,0,0,0,5,3.5,0,3,6.5,2537.4785354185888,5.154721451264456
270833601003010,0,0,0,0,1,0.7,0,0.6,1.3,23179.940836218317,6.413066339815902
270833602002016,0,0,0,0,5,3.5,0,3,6.5,77530.52306794637,7.9804082671602785
270833602003127,0,0,0,0,1,0.7,0,0.6,1.3,79035.39314942781,2.9870947200095634
270833602003044,0,0,0,0,2,1.4,0,1.2,2.6,62162.25805328839,2.656250710163322
270833603003011,0,0,0,0,28,19.6,0,16.8,36.4,95075.3604349815,18678.452708865843
270833603002031,0,0,0,0,15,10.5,0,9,19.5,96259.86431350268,20407.673017527944
270833602002031,0,0,0,0,1,0.7,0,0.6,1.3,94063.5917262076,76.04117301634173
270833602001114,0,0,0,0,1,0.7,0,0.6,1.3,83749.77670900559,3.3806744602328433
270833602002091,0,0,0,0,4,2.8,0,2.4,5.2,87482.83892472032,509.8227730549221
270833601001138,0,0,0,0,2,1.4,0,1.2,2.6,80337.35245043442,4.413780509161149
270833606001124,5,5,0,0,6,7.7,6,6.1,19.8,9510.558911694687,18.960984005655416
270833607002000,0,0,0,0,7,4.9,0,4.2,9.1,55778.57426200224,3999.306123274302
270833606002067,0,0,0,0,4,2.8,0,2.4,5.2,83586.05899194104,974.9744233706277
270833603004024,0,0,0,0,8,5.6,0,4.8,10.4,93375.89741763307,1708.5593253783152
270833601003060,0,0,0,0,11,7.7,0,6.6,14.3,82489.23249074651,3586.5510576656948
270833605003036,56,0,14,42,12,273,67.2,131.8,472,96121.78095521787,34975.412222152736
270833603002032,0,0,0,0,13,9.1,0,7.8,16.9,95477.67658613407,4566.937462752304
270833603003027,0,0,0,0,21,14.7,0,12.6,27.3,95516.66686905318,26595.830574909767
270833606004030,0,0,0,0,1,0.7,0,0.6,1.3,26480.933816768913,356.3516448765588
270833601003015,0,0,0,0,1,0.7,0,0.6,1.3,69606.103489671,22.69547073925457
270833606003017,0,0,0,0,3,2.1,0,1.8,3.9,40150.153818176885,2.997391750833188
270833606001020,0,0,0,0,1,0.7,0,0.6,1.3,24803.519618505514,0.9999424285122368
270833604003024,0,0,0,0,15,10.5,0,9,19.5,97237.16083420902,36716.89089359054
270833602001098,0,0,0,0,1,0.7,0,0.6,1.3,77841.85655475591,1.4179929872249049
270833606002102,0,0,0,0,1,0.7,0,0.6,1.3,62543.94158738228,1.1046856642482485
270833602003028,0,0,0,0,5,3.5,0,3,6.5,89856.66161725642,6.876360591559488
270833607002036,0,0,0,0,3,2.1,0,1.8,3.9,54916.39006041206,4280.712563491509
270833605001037,0,0,0,0,12,8.4,0,7.2,15.6,96044.87235947819,34251.178223711664
270833601003029,0,0,0,0,5,3.5,0,3,6.5,71763.39255001405,267.94517402949356
270833604001032,0,0,0,0,17,11.9,0,10.2,22.1,96490.41264226042,13112.871870550567
270833603002024,1,1,0,0,22,16.1,1.2,13.7,30.999999999999996,95421.57359584949,13314.422335644453
270833602003006,0,0,0,0,1,0.7,0,0.6,1.3,68086.70603888885,1.0978187409302382
270833601003035,1,0,0,1,2,4.9,1.2,2.6,8.7,49451.39292716075,8.824069057667412
270833606003050,1,0,0,1,1,4.2,1.2,2,7.4,7408.3522043718995,7.0095215055815485
270833601001070,0,0,0,0,1,0.7,0,0.6,1.3,27000.05132592925,0.9995534737581792
270833606001072,0,0,0,0,3,2.1,0,1.8,3.9,41576.46528379587,3.5060226856639822
270833606002019,0,0,0,0,3,2.1,0,1.8,3.9,40128.429118056185,3.2066009591831253
270833601001128,0,0,0,0,1,0.7,0,0.6,1.3,84452.49008880819,1.3875966072621726
270833606003087,0,0,0,0,3,2.1,0,1.8,3.9,58007.23632208749,2.9982679654783095
270833607001008,0,0,0,0,6,4.2,0,3.6,7.8,66505.72919504237,3231.4178977954894
270833607001017,0,0,0,0,10,7,0,6,13,62663.0918213653,3886.9098041023344
270833607003026,0,0,0,0,3,2.1,0,1.8,3.9,47078.723789445314,3652.126630452238
270833602001043,23,0,0,23,5,84,27.6,35.2,146.8,90585.60324089749,570.4000020195607
270833601001095,0,0,0,0,4,2.8,0,2.4,5.2,66760.17747981442,4.99649030030359
270833602001069,0,0,0,0,2,1.4,0,1.2,2.6,79646.34076660594,2.188773142843029
270833602001016,0,0,0,0,4,2.8,0,2.4,5.2,90012.77462787328,559.5325872626473
270833601003038,4,0,0,4,6,18.2,4.8,9.2,32.2,37553.376348922204,31.987876213072223
270833602003168,0,0,0,0,4,2.8,0,2.4,5.2,87899.39030166421,440.8107791553555
270833604003020,10,0,0,10,26,53.2,12,29.6,94.8,96223.57626083153,38607.27652572936
270833607001016,0,0,0,0,12,8.4,0,7.2,15.6,63341.86330384158,3876.3940094560926
270833606002023,0,0,0,0,3,2.1,0,1.8,3.9,72175.09345645853,3.2311743748333424
270833604003019,2,0,0,2,46,39.2,2.4,30.4,72,97105.16682860542,39823.10896558124
270833602003164,0,0,0,0,5,3.5,0,3,6.5,90396.17870584257,313.82188324536935
270833602001145,0,0,0,0,1,0.7,0,0.6,1.3,5707.78058915643,0.9998297089226906
270833606002033,0,0,0,0,1,0.7,0,0.6,1.3,74914.16092230321,2.6258846071874986
270833606003052,0,0,0,0,2,1.4,0,1.2,2.6,8685.843273420922,2.0569983026333003
270833606002074,0,0,0,0,3,2.1,0,1.8,3.9,86027.9862718624,976.613460228958
270833606002088,0,0,0,0,2,1.4,0,1.2,2.6,42213.7184712567,2.1464270857466747
270833606003065,0,0,0,0,1,0.7,0,0.6,1.3,63401.05900553769,1.0057478848641852
270833602003085,0,0,0,0,1,0.7,0,0.6,1.3,87238.8673862446,0.9998079760741432
270833602003134,0,0,0,0,1,0.7,0,0.6,1.3,83602.61660147834,1.9737381180666587
270833601001065,0,0,0,0,1,0.7,0,0.6,1.3,40838.33657990672,1.5462871092324404
270833601002000,122,1,0,121,47,457.1,146.4,198.1,801.6,79554.34219623996,3173.92238279818
270833603003021,0,0,0,0,7,4.9,0,4.2,9.1,93769.59233439235,13276.619850776944
270833604002029,16,0,0,16,15,66.5,19.2,31.4,117.1,96581.78632568897,38678.09291871858
270833603003022,0,0,0,0,12,8.4,0,7.2,15.6,94098.97036341052,17937.812907069503
270833606002062,0,0,0,0,2,1.4,0,1.2,2.6,76756.3712447808,810.1688514784614
270833601003076,0,0,0,0,4,2.8,0,2.4,5.2,5420.241356173327,4.998508914973088
270833604001017,0,0,0,0,16,11.2,0,9.6,20.8,96587.83748428091,23937.028088774976
270833602002054,0,0,0,0,21,14.7,0,12.6,27.3,94154.41850508063,69.60928502430787
270833606002058,0,0,0,0,20,14,0,12,26,84051.79274170495,962.8536590284853
270833601002017,0,0,0,0,5,3.5,0,3,6.5,83055.26007839457,3547.2422555969106
270833605001018,0,0,0,0,13,9.1,0,7.8,16.9,95026.6562844461,30864.892317151334
270833601001066,0,0,0,0,4,2.8,0,2.4,5.2,39535.655617144934,5.358838397302427
270833607003021,0,0,0,0,13,9.1,0,7.8,16.9,55025.09109663899,3638.664740155854
270833606004031,0,0,0,0,2,1.4,0,1.2,2.6,26216.121109919288,601.5671252504454
270833601002004,0,0,0,0,11,7.7,0,6.6,14.3,82554.2284806776,3431.480472293949
270833602001033,0,0,0,0,6,4.2,0,3.6,7.8,90248.80689679891,562.3404766082361
270833601002006,0,0,0,0,11,7.7,0,6.6,14.3,83743.01659249357,3662.539512621755
270833605001005,14,14,0,0,1,10.5,16.8,7.6,34.9,93639.9784562817,3810.021798136855
270833605001026,0,0,0,0,29,20.3,0,17.4,37.7,95879.77788729004,28130.66897361282
270833602001159,0,0,0,0,6,4.2,0,3.6,7.8,60485.04514573282,7.021494905642979
270833606002100,0,0,0,0,4,2.8,0,2.4,5.2,63818.79631412791,5.026628203762626
270833607001014,0,0,0,0,11,7.7,0,6.6,14.3,63244.94505247947,3439.168035715124
270833601003070,0,0,0,0,1,0.7,0,0.6,1.3,64773.846156604886,9.616251483388062
270833603004006,0,0,0,0,44,30.8,0,26.4,57.2,95147.35542022946,27231.72126000461
270833604002024,0,0,0,0,11,7.7,0,6.6,14.3,96679.00239997015,43924.79847508738
270833601004037,4,0,4,0,3,35.7,4.8,20.6,61.1,84029.47089480927,4394.513033344799
270833606004032,0,0,0,0,7,4.9,0,4.2,9.1,62626.7960544093,1114.5769814461653
270833606003027,0,0,0,0,1,0.7,0,0.6,1.3,34279.11561428903,2.1093548753707094
270833606001035,0,0,0,0,2,1.4,0,1.2,2.6,2723.3653739144875,2.0113751874945094
270833606001050,0,0,0,0,3,2.1,0,1.8,3.9,14287.73840416459,11.958762122251471
270833601001052,0,0,0,0,2,1.4,0,1.2,2.6,24630.717119828278,2.0925221620624717
270833605001013,31,0,0,31,106,182.7,37.2,107,326.9,94767.48412988672,19492.4191032849
270833605003018,0,0,0,0,16,11.2,0,9.6,20.8,95071.97569733734,29517.5957357499
270833601001126,0,0,0,0,1,0.7,0,0.6,1.3,87815.74750569758,1.9409150124450043
270833601002021,5,0,0,5,5,21,6,10,37,85497.92588423766,3596.439136066193
270833601001078,0,0,0,0,5,3.5,0,3,6.5,60430.15495768164,5.99999931673962
270833601002002,0,0,0,0,10,7,0,6,13,82375.1765353589,3591.8674056184977
270833602003116,0,0,0,0,4,2.8,0,2.4,5.2,72535.66733491463,4.996954143696913
270833603002022,0,0,0,0,16,11.2,0,9.6,20.8,96368.73344139369,21904.75417367689
270833602002072,0,0,0,0,3,2.1,0,1.8,3.9,85530.49601971831,6.67922643614938
270833607002020,6,0,6,0,2,51.8,7.2,29.4,88.4,62663.82073536836,4610.187732375315
270833605002000,0,0,0,0,1,0.7,0,0.6,1.3,89820.89620577695,1011.7740926833015
270833601001035,0,0,0,0,1,0.7,0,0.6,1.3,31336.296894829306,7.613341850257757
270833602003105,0,0,0,0,1,0.7,0,0.6,1.3,87618.64736741924,8.158946717594539
270833603001009,0,0,0,0,18,12.6,0,10.8,23.4,95865.32128455839,7293.174082507283
270833606003019,0,0,0,0,6,4.2,0,3.6,7.8,78651.5562067742,33.64540745204688
270833603003025,0,0,0,0,18,12.6,0,10.8,23.4,94993.51746609293,23752.702847644883
270833602002108,0,0,0,0,10,7,0,6,13,89115.10277410089,517.5553002868012
270833603002030,4,0,0,4,19,27.3,4.8,17,49.1,96351.16887190593,19231.039601479966
270833601001004,0,0,0,0,1,0.7,0,0.6,1.3,53955.62716699569,0.9998375423416368
270833602001127,0,0,0,0,3,2.1,0,1.8,3.9,43337.76666913699,3.0027670101321413
270833607002033,0,0,0,0,6,4.2,0,3.6,7.8,56843.62720342012,4743.153858554242
270833603004003,0,0,0,0,5,3.5,0,3,6.5,95782.6009348856,29358.974976815534
270833602003108,0,0,0,0,1,0.7,0,0.6,1.3,81734.28195820338,4.284428928744783
270833601001106,0,0,0,0,1,0.7,0,0.6,1.3,34723.49887348638,6.057309011946829
270833606004048,0,0,0,0,8,5.6,0,4.8,10.4,58806.98749829359,1084.0939804887844
270833605002004,0,0,0,0,129,90.3,0,77.4,167.7,91301.70368754063,5589.756649650283
270833602002097,0,0,0,0,4,2.8,0,2.4,5.2,87821.54256009747,508.88258358040684
270833602001035,7,0,7,0,4,61.6,8.4,35.3,105.3,89388.88694560828,566.5772473956149
270833601004022,0,0,0,0,9,6.3,0,5.4,11.7,84488.84506648722,2273.9235129930785
270833602001126,1,1,0,0,2,2.1,1.2,1.7,5,70073.05521320712,4.999474711094801
270833603002007,0,0,0,0,20,14,0,12,26,96426.37331725348,29320.081863979725
270833602003020,4,4,0,0,3,4.9,4.8,3.8,13.5,85533.61722797538,13.329416032557996
270833606004010,0,0,0,0,8,5.6,0,4.8,10.4,65360.100975664864,1099.1066527029895
270833601002023,0,0,0,0,13,9.1,0,7.8,16.9,84557.89267831268,3609.9675933262574
270833607002016,0,0,0,0,25,17.5,0,15,32.5,60069.870633726205,4291.1392422720555
270833607002022,0,0,0,0,9,6.3,0,5.4,11.7,57478.42331961564,4433.147695885878
270833602001047,2,2,0,0,5,4.9,2.4,4,11.3,90741.03710422906,570.6790552847036
270833606001105,0,0,0,0,2,1.4,0,1.2,2.6,59946.89997630052,26.929603116451503
270833602003124,0,0,0,0,1,0.7,0,0.6,1.3,63634.87199164835,1.0215109594930594
270833606003119,0,0,0,0,3,2.1,0,1.8,3.9,82431.1593877998,212.78374154443802
270833603002014,2,2,0,0,16,12.6,2.4,10.6,25.6,95631.18827460724,21885.281891785417
270833606003085,0,0,0,0,2,1.4,0,1.2,2.6,70212.07860020422,11.358763833449167
270833601003024,2,2,0,0,7,6.3,2.4,5.2,13.9,57582.943498123095,257.9477926777397
270833604003016,1,0,0,1,22,18.9,1.2,14.6,34.7,95423.02647648935,24655.097019214543
270833601004007,42,42,0,0,1,30.1,50.4,21.6,102.1,83792.69276699713,2213.7302406315034
270833602003035,0,0,0,0,1,0.7,0,0.6,1.3,87717.36242885064,6.258462227078475
270833601001048,0,0,0,0,2,1.4,0,1.2,2.6,11946.305071842726,1.9996334194669687
270833602003047,0,0,0,0,1,0.7,0,0.6,1.3,84772.99877774762,2.0550672484246055
270833601001143,0,0,0,0,2,1.4,0,1.2,2.6,88061.23945863775,5.813336031138224
270833606001034,0,0,0,0,2,1.4,0,1.2,2.6,7750.9264700534095,2.002074835532888
270833602001111,0,0,0,0,1,0.7,0,0.6,1.3,90018.64732191723,1.0057125361035701
270833607003008,0,0,0,0,7,4.9,0,4.2,9.1,55455.64805793066,4368.127835835184
270833601003017,0,0,0,0,1,0.7,0,0.6,1.3,16633.97535091182,95.85585298987806
270833607003025,81,0,0,81,25,301,97.2,128.4,526.6,49195.46277395847,3429.51023255506
270833601003036,2,2,0,0,3,3.5,2.4,2.8,8.7,73938.50788811337,17.334450630937788
270833604003007,309,0,0,309,2,1082.9,370.8,433.8,1887.5,95113.42679441707,22126.24854492237
270833603002004,0,0,0,0,18,12.6,0,10.8,23.4,95870.15955249345,28452.648273766365
270833604002003,0,0,0,0,5,3.5,0,3,6.5,95740.79608517498,39082.64188384798
270833606004007,0,0,0,0,1,0.7,0,0.6,1.3,71279.37194592776,1122.3916760351374
270833606003008,0,0,0,0,5,3.5,0,3,6.5,32770.78002387084,6.953572679313122
270833606003025,1,1,0,0,2,2.1,1.2,1.7,5,45232.76640921972,5.002740129658792
270833603002013,18,14,0,4,15,34.3,21.6,21.6,77.5,95655.71205755611,23095.263587014928
270833606002071,0,0,0,0,4,2.8,0,2.4,5.2,84624.36022198842,975.2633017762082
270833606002108,0,0,0,0,1,0.7,0,0.6,1.3,23493.695759125694,1.0038113948174638
270833606003015,0,0,0,0,1,0.7,0,0.6,1.3,13484.144780616089,1.617832941278325
270833606002060,0,0,0,0,13,9.1,0,7.8,16.9,84419.39385243655,975.2541595317168
270833603004008,0,0,0,0,2,1.4,0,1.2,2.6,96370.03733654278,32993.5160924808
270833602002106,0,0,0,0,3,2.1,0,1.8,3.9,90190.1385282401,521.2143671977398
270833602003002,0,0,0,0,1,0.7,0,0.6,1.3,42703.72445823136,2.3123344571668616
270833607002007,0,0,0,0,5,3.5,0,3,6.5,59970.06814872998,4276.780487844074
270833604001000,0,0,0,0,2,1.4,0,1.2,2.6,91472.48053838247,211.26228812225236
270833607002031,0,0,0,0,7,4.9,0,4.2,9.1,54482.308246492066,4535.146181836979
270833602001157,0,0,0,0,5,3.5,0,3,6.5,90603.69220850093,570.7571283041407
270833604003021,17,0,0,17,13,68.6,20.4,31.6,120.6,95961.72315298876,37962.47827741184
270833603002018,0,0,0,0,16,11.2,0,9.6,20.8,96200.96966265781,19399.61415664784
270833606001001,0,0,0,0,3,2.1,0,1.8,3.9,14136.337626220058,3.94296758380559
270833603002020,0,0,0,0,6,4.2,0,3.6,7.8,96111.16716966363,24855.438372076365
270833606001037,0,0,0,0,4,2.8,0,2.4,5.2,84542.62372997949,51.51606869198639
270833606003062,0,0,0,0,1,0.7,0,0.6,1.3,78611.34837618785,1.354051444848152
270833601001144,4,0,0,4,3,16.1,4.8,7.4,28.3,69502.57688800016,31.379780026843168
270833601003031,0,0,0,0,2,1.4,0,1.2,2.6,74928.31624355343,268.95812390827666
270833605003030,32,0,0,32,24,128.8,38.4,59.2,226.4,95582.93838992632,32917.72410731079
270833606004014,0,0,0,0,8,5.6,0,4.8,10.4,70174.05099168603,1116.1659157444576
270833606001023,0,0,0,0,3,2.1,0,1.8,3.9,7823.037533476433,2.9937000794810493
270833606001009,0,0,0,0,3,2.1,0,1.8,3.9,3506.2446572621384,2.9929281578887257
270833606001127,0,0,0,0,1,0.7,0,0.6,1.3,17166.539911655433,0.9989732522186268
270833605003028,0,0,0,0,12,8.4,0,7.2,15.6,95329.04522853295,32332.238559741152
270833604002015,1,1,0,0,27,19.6,1.2,16.7,37.5,96086.37627942357,33793.44553373407
270833603002011,0,0,0,0,10,7,0,6,13,95918.1707515905,27655.600607685454
270833601001098,0,0,0,0,2,1.4,0,1.2,2.6,46649.290629675685,5.00267462856093
270833606003073,0,0,0,0,2,1.4,0,1.2,2.6,36307.30015049315,3.1968553523730776
270833607003009,0,0,0,0,9,6.3,0,5.4,11.7,50528.77786813061,4065.2077274025132
270833607002032,0,0,0,0,4,2.8,0,2.4,5.2,58422.177246240724,4656.479691323029
270833602001034,11,0,0,11,5,42,13.2,18.4,73.6,90864.778446342,567.8368410112558
270833602001045,0,0,0,0,4,2.8,0,2.4,5.2,90360.83593338361,568.5726054733572
270833604003009,404,2,13,389,65,1517.6,484.8,645.7,2648.1,95905.68154735002,28466.265718442424
270833602003148,0,0,0,0,2,1.4,0,1.2,2.6,47461.8429572647,2.0112582792431666
270833602001086,0,0,0,0,1,0.7,0,0.6,1.3,53189.82505848997,1.1007274663957727
270833607003022,0,0,0,0,11,7.7,0,6.6,14.3,54157.27148841043,4102.81899145237
270833601003081,0,0,0,0,4,2.8,0,2.4,5.2,70712.32575891016,268.1780426123374
270833606001005,0,0,0,0,2,1.4,0,1.2,2.6,3655.35183222819,1.9995290642218735
270833602001154,0,0,0,0,3,2.1,0,1.8,3.9,14087.93469644187,3.0023603778014243
270833601001096,1,1,0,0,1,1.4,1.2,1.1,3.7,83812.93381846779,21.534724919362965
270833606001162,0,0,0,0,1,0.7,0,0.6,1.3,48544.68944417093,1.0094312398722014
270833602002041,0,0,0,0,1,0.7,0,0.6,1.3,87828.12791301652,463.3338807473038
270833601004030,0,0,0,0,2,1.4,0,1.2,2.6,84231.54866734453,3615.95767644923
270833602001105,0,0,0,0,4,2.8,0,2.4,5.2,80883.41474477516,11.044609329663242
270833607002013,0,0,0,0,7,4.9,0,4.2,9.1,58213.257720007525,4389.18219894805
270833606001036,0,0,0,0,2,1.4,0,1.2,2.6,3006.126260896523,1.9977166007777343
270833602001011,0,0,0,0,2,1.4,0,1.2,2.6,79160.78735486211,4.333408230834922
270833602001074,0,0,0,0,1,0.7,0,0.6,1.3,5627.523681689486,1.0646226803493
270833606003118,0,0,0,0,2,1.4,0,1.2,2.6,18629.299865325316,2.1191757421131157
270833604001005,76,11,36,29,1,412.3,91.2,215.9,719.4,96462.55894730266,17037.802461264815
270833602003119,8,8,0,0,5,9.1,9.6,7,25.7,66923.66804243797,24.94352390829288
270833605003021,0,0,0,0,14,9.8,0,8.4,18.2,95375.88711135292,29237.071707095874
270833604001037,0,0,0,0,29,20.3,0,17.4,37.7,96861.02319430234,7188.383549430982
270833601001146,0,0,0,0,2,1.4,0,1.2,2.6,77182.12521689305,2.0899339239800687
270833601002020,6,6,0,0,14,13.999999999999998,7.2,11.4,32.6,85621.62144953379,3397.8175111128035
270833605003010,0,0,0,0,14,9.8,0,8.4,18.2,94605.44046220511,20778.800030375616
270833603004013,94,31,0,63,35,266.7,112.8,124.7,504.2,95558.06781280489,22438.05538543523
270833601001029,0,0,0,0,1,0.7,0,0.6,1.3,83178.25967210566,1.2129679735015624
270833606004003,0,0,0,0,4,2.8,0,2.4,5.2,73254.5213745787,554.1077514832085
270833606003122,0,0,0,0,3,2.1,0,1.8,3.9,84676.33592463829,213.03541184090633
270833606003034,3,3,0,0,4,4.9,3.6,3.9,12.4,13184.56114497402,11.988696315354508
270833606001065,0,0,0,0,2,1.4,0,1.2,2.6,22595.71554237866,2.5787196446156826
270833606002006,0,0,0,0,1,0.7,0,0.6,1.3,75071.17405301343,2.0071641782288774
270833603004001,0,0,0,0,23,16.1,0,13.8,29.9,96011.21583343245,30297.307421936872
270833603004014,0,0,0,0,12,8.4,0,7.2,15.6,95732.16800845152,20985.689315308933
270833601002003,0,0,0,0,11,7.7,0,6.6,14.3,83015.6670796152,3647.858787339941
270833607002029,0,0,0,0,8,5.6,0,4.8,10.4,61876.706185190225,4413.760849286678
270833607003007,0,0,0,0,4,2.8,0,2.4,5.2,55992.351011907806,4378.305833925863
270833606003132,0,0,0,0,3,2.1,0,1.8,3.9,7042.10121498724,2.993139928798162
270833601004026,0,0,0,0,3,2.1,0,1.8,3.9,85142.52463209265,4405.77666837071
270833606001033,0,0,0,0,3,2.1,0,1.8,3.9,31543.475527129143,3.0053714247271075
270833602003086,0,0,0,0,4,2.8,0,2.4,5.2,78003.56842655358,6.050649431258282
270833606002065,0,0,0,0,6,4.2,0,3.6,7.8,80068.00071872112,957.7000897023476
270833603001003,7,0,0,7,23,40.6,8.4,23.6,72.6,95737.79684209036,10550.092172081133
270833606001056,0,0,0,0,4,2.8,0,2.4,5.2,5784.225798890475,8.497658113368038
270833605002020,0,0,0,0,17,11.9,0,10.2,22.1,95586.39793364714,29993.695929489608
270833601001031,5,5,0,0,3,5.6,6,4.3,15.9,58097.15000799443,15.016724323099577
270833606003072,0,0,0,0,2,1.4,0,1.2,2.6,28674.9814599497,3.502757503353017
270833606002000,0,0,0,0,2,1.4,0,1.2,2.6,72298.66494921854,14.95408097737378
270833603004023,0,0,0,0,22,15.4,0,13.2,28.6,92390.5705614313,1457.284863614208
270833602002024,1,1,0,0,5,4.2,1.2,3.5,8.9,39199.510999002276,7.981706476795099
270833606001038,0,0,0,0,3,2.1,0,1.8,3.9,74744.22906044128,23.36299773477754
270833602002127,0,0,0,0,19,13.3,0,11.4,24.7,91040.88739972124,710.0873348463696
270833605001031,0,0,0,0,6,4.2,0,3.6,7.8,95656.00596221378,29446.39242522572
270833606001076,0,0,0,0,7,4.9,0,4.2,9.1,50953.70907344561,8.99978673763989
270833607002034,0,0,0,0,7,4.9,0,4.2,9.1,56631.09169153522,4758.575622568661
270833607002042,23,0,0,23,5,84,27.6,35.2,146.8,56738.23500149182,4545.658925651108
270833603003015,0,0,0,0,8,5.6,0,4.8,10.4,95832.27766715342,28298.45711564443
270833601001009,0,0,0,0,1,0.7,0,0.6,1.3,75620.81466498792,26.002658225437383
270833601003079,0,0,0,0,8,5.6,0,4.8,10.4,80093.06116934014,2244.45482470155
270833601001036,0,0,0,0,5,3.5,0,3,6.5,14115.286148913021,7.594322071523251
270833602003103,0,0,0,0,2,1.4,0,1.2,2.6,79248.06921386582,2.465190298849174
270833607001020,4,0,0,4,10,21,4.8,11.6,37.4,64764.87596607949,3625.749334369948
270833601001003,4,4,0,0,5,6.3,4.8,5,16.1,34145.513448860096,16.315091952596553
270833601003082,0,0,0,0,7,4.9,0,4.2,9.1,71701.0249225818,267.22180830555135
270833601003075,28,28,0,0,4,22.4,33.6,16.4,72.4,17669.59810509097,71.83833518920649
270833604003018,0,0,0,0,26,18.2,0,15.6,33.8,97100.02158683719,38004.77747194616
270833607001025,0,0,0,0,1,0.7,0,0.6,1.3,62369.37892240211,4090.841669321075
270833607001019,0,0,0,0,12,8.4,0,7.2,15.6,63533.401354545706,3868.8962409702362
270833606001043,0,0,0,0,3,2.1,0,1.8,3.9,6403.640495075344,2.993345422316435
270833606003070,0,0,0,0,3,2.1,0,1.8,3.9,10161.705861308843,6.010143373091737
270833602002086,0,0,0,0,2,1.4,0,1.2,2.6,82589.1236229765,18.702606403944095
270833602002102,0,0,0,0,16,11.2,0,9.6,20.8,88779.98772850593,523.8652368624827
270833602003123,0,0,0,0,3,2.1,0,1.8,3.9,55958.119800481894,2.99692193398247
270833605002006,0,0,0,0,11,7.7,0,6.6,14.3,94773.07702258397,22377.535558975535
270833604002019,0,0,0,0,16,11.2,0,9.6,20.8,96009.31360017655,39323.637991493924
270833604001025,0,0,0,0,36,25.2,0,21.6,46.8,97053.2745325513,5848.945390213464
270833605003012,0,0,0,0,3,2.1,0,1.8,3.9,94483.07581763207,21006.69499824522
270833601003019,0,0,0,0,6,4.2,0,3.6,7.8,70914.34578363084,268.1393540415108
270833602002123,0,0,0,0,3,2.1,0,1.8,3.9,74450.69571925666,2.995093293377439
270833602003138,0,0,0,0,1,0.7,0,0.6,1.3,60360.07372371026,1.0428766439912787
270833601001042,0,0,0,0,1,0.7,0,0.6,1.3,31578.29653402506,1.1162004226843731
270833604001009,0,0,0,0,16,11.2,0,9.6,20.8,96794.27600618215,22489.19834153283
270833604001024,0,0,0,0,1,0.7,0,0.6,1.3,97404.77976050752,5001.8568429476045
270833601003084,0,0,0,0,7,4.9,0,4.2,9.1,82085.4044311197,3137.221289093253
270833601003025,0,0,0,0,5,3.5,0,3,6.5,70641.1876214462,265.9278918317882
270833603002001,0,0,0,0,19,13.3,0,11.4,24.7,95850.00803646373,29905.595523809767
270833604001015,0,0,0,0,18,12.6,0,10.8,23.4,96615.5105000419,19474.8275194198
270833601003001,1,1,0,0,2,2.1,1.2,1.7,5,24328.214479097227,6.655582775141115
270833602002026,0,0,0,0,3,2.1,0,1.8,3.9,86615.74138454258,12.124267578445576
270833602002025,0,0,0,0,2,1.4,0,1.2,2.6,65123.59849029729,1.9987400680541645
270833606003134,0,0,0,0,2,1.4,0,1.2,2.6,11660.661261934234,1.9996133959468239
270833604001018,0,0,0,0,16,11.2,0,9.6,20.8,96719.40167999547,22898.44762524742
270833604002022,0,0,0,0,9,6.3,0,5.4,11.7,96214.95054611114,41576.612219084214
270833602002083,0,0,0,0,2,1.4,0,1.2,2.6,81373.15365365181,2.0246895323208203
270833601001030,0,0,0,0,3,2.1,0,1.8,3.9,85547.44846402238,3.9215743074461127
270833601004016,0,0,0,0,8,5.6,0,4.8,10.4,83462.58449533061,4523.184306547928
270833601003014,2,0,0,2,3,9.1,2.4,4.6,16.1,35134.01593401743,20.593583122957817
270833604002016,0,0,0,0,14,9.8,0,8.4,18.2,95714.96008894831,39232.75108911547
270833602003094,0,0,0,0,1,0.7,0,0.6,1.3,80699.97566814892,1.0525221400012705
270833606001068,0,0,0,0,2,1.4,0,1.2,2.6,58735.68151378687,2.0349793275739247
270833606003046,0,0,0,0,3,2.1,0,1.8,3.9,8353.047242872877,2.99288503372693
270833604001014,0,0,0,0,23,16.1,0,13.8,29.9,97060.37231222112,24204.474440465714
270833606002070,0,0,0,0,3,2.1,0,1.8,3.9,81538.42404579054,962.2678930180832
270833602002000,1,1,0,0,2,2.1,1.2,1.7,5,77761.57635907884,8.31188430442222
270833607003015,0,0,0,0,18,12.6,0,10.8,23.4,58109.41197871972,3205.9037339604797
270833607002026,30,0,0,30,2,106.4,36,43.2,185.6,61480.40964170795,4860.557077184676
270833601001037,0,0,0,0,3,2.1,0,1.8,3.9,42518.07844197821,3.17387022005807
270833607002027,9,9,0,0,5,9.8,10.8,7.5,28.1,62858.135017856686,4874.273907775072
270833602003087,35,35,0,0,3,26.6,42,19.3,87.9,85657.41550973142,87.1614652245981
270833606002054,0,0,0,0,4,2.8,0,2.4,5.2,53201.440823865996,6.004135300014532
270833603001008,0,0,0,0,37,25.9,0,22.2,48.1,95626.70812316016,6737.3228268540515
270833602002080,1,1,0,0,10,7.7,1.2,6.5,15.4,90840.8505208941,18.923827987521324
270833601001050,0,0,0,0,1,0.7,0,0.6,1.3,19280.419328847653,1.3077847640714213
270833606004020,0,0,0,0,1,0.7,0,0.6,1.3,69845.57534368178,1113.5890740264197
270833606004036,0,0,0,0,6,4.2,0,3.6,7.8,67418.25018619177,1097.4146318455764
270833607003004,0,0,0,0,10,7,0,6,13,59663.00177558151,2951.943359652585
270833603004021,2,0,0,2,13,16.1,2.4,10.6,29.1,95068.96926236083,20136.757368838127
270833601002019,0,0,0,0,1,0.7,0,0.6,1.3,85894.50441530724,979.6497396794869
270833606001138,0,0,0,0,3,2.1,0,1.8,3.9,7502.49749394269,3.0060762439676236
270833606001135,5,5,0,0,1,4.2,6,3.1,13.3,5059.0287814967705,13.695627043756254
270833602001071,0,0,0,0,2,1.4,0,1.2,2.6,18356.97596227444,1.9989486208562217
270833606002008,0,0,0,0,1,0.7,0,0.6,1.3,56152.262306022465,4.847050685527823
270833604002028,4,0,0,4,37,39.9,4.8,27.8,72.5,96170.84451939464,38553.89159671021
270833601001007,0,0,0,0,2,1.4,0,1.2,2.6,31861.973369518746,2.025710013093778
270833606003079,0,0,0,0,2,1.4,0,1.2,2.6,59665.98306627948,1.9983551657473826
270833602003070,4,4,0,0,2,4.2,4.8,3.2,12.2,63786.050926681855,13.005156525292348
270833603002028,10,0,0,10,22,50.4,12,27.2,89.6,96093.65792565548,14121.168155124515
270833606003007,0,0,0,0,3,2.1,0,1.8,3.9,40621.35122064129,3.0038493258686736
270833606001000,0,0,0,0,1,0.7,0,0.6,1.3,26458.291408819867,1.0032357768863065
270833603003014,0,0,0,0,11,7.7,0,6.6,14.3,95950.0020700422,28532.31204032116
270833605003011,262,0,0,262,15,927.5,314.4,375.8,1617.7,94919.04946298008,22838.1494629255
270833603004004,0,0,0,0,7,4.9,0,4.2,9.1,96118.66447564196,29348.251064052878
270833606003094,0,0,0,0,5,3.5,0,3,6.5,42296.00155232406,874.6629343565266
270833606001014,0,0,0,0,3,2.1,0,1.8,3.9,28480.499530588026,15.823531082953362
270833605001021,9,9,0,0,17,18.2,10.8,14.7,43.7,95215.11639886611,23856.248668756245
270833606001003,0,0,0,0,2,1.4,0,1.2,2.6,3899.9940787550913,1.9954266191987748
270833606002114,0,0,0,0,9,6.3,0,5.4,11.7,85589.56265059592,978.6562247518366
270833602002110,0,0,0,0,2,1.4,0,1.2,2.6,84749.61426251366,5.262478076821887
270833601002028,3,2,0,1,65,50.4,3.6,41.4,95.4,83890.48067868734,3172.1941039257686
270833604001031,10,0,8,2,161,186.9,12,137,335.9,96294.59036271868,14782.44134467356
270833602001135,0,0,0,0,1,0.7,0,0.6,1.3,66574.19400016856,5.124771092442929
270833606003038,0,0,0,0,3,2.1,0,1.8,3.9,12510.915211226935,5.023411691850873
270833606002079,0,0,0,0,3,2.1,0,1.8,3.9,85206.83481947164,978.2715198069468
270833605003023,3,0,0,3,18,23.1,3.6,14.999999999999998,41.7,95197.09373709964,29771.858875275808
270833607003005,67,2,0,65,33,252,80.4,111.8,444.2,51635.804229734116,3386.705416381374
270833606003078,0,0,0,0,2,1.4,0,1.2,2.6,46494.756614753605,2.013062817052617
270833602002020,0,0,0,0,5,3.5,0,3,6.5,68290.80562281398,5.988359196515288
270833602003149,0,0,0,0,1,0.7,0,0.6,1.3,77700.89646841191,2.0448734452138004
270833606002092,0,0,0,0,3,2.1,0,1.8,3.9,89924.00139451351,3.0970406258507506
270833605003013,0,0,0,0,87,60.9,0,52.2,113.1,95353.77188433147,19809.277334319788
270833602001137,0,0,0,0,3,2.1,0,1.8,3.9,16324.004800785984,3.039065579243682
270833601001068,0,0,0,0,1,0.7,0,0.6,1.3,68996.62259090258,5.33460042179548
270833602002036,0,0,0,0,6,4.2,0,3.6,7.8,86290.35510587954,159.04231528337453
270833607002008,0,0,0,0,2,1.4,0,1.2,2.6,61979.77292506535,4137.732808447241
270833602001019,0,0,0,0,2,1.4,0,1.2,2.6,87066.76472871323,106.57053273255805
270833601001000,0,0,0,0,3,2.1,0,1.8,3.9,9742.519304049749,2.993139928798162
270833605001014,0,0,0,0,24,16.8,0,14.4,31.2,95244.83394746596,20997.545342332764
270833606003090,0,0,0,0,2,1.4,0,1.2,2.6,49730.145134733335,2.9908878747061705
270833603002017,0,0,0,0,10,7,0,6,13,95689.12838419818,21032.805267495532
270833604001008,709,3,0,706,32,2495.5,850.8,1009.1,4355.4,96085.35683217051,28491.35684731066
270833606004038,1,1,0,0,8,6.3,1.2,5.3,12.8,44678.09045951224,700.0957601509263
270833606001159,2,0,0,2,4,9.8,2.4,5.2,17.4,3973.9818517942595,16.983587033261045
270833606003096,0,0,0,0,1,0.7,0,0.6,1.3,48383.84839453534,4.433383403087199
270833607001011,6,0,6,0,17,62.3,7.2,38.4,107.9,47633.377062993655,3759.963659343837
270833602001112,0,0,0,0,2,1.4,0,1.2,2.6,77788.97982671764,7.9802208542094615
270833602001149,0,0,0,0,2,1.4,0,1.2,2.6,2111.6641132890277,1.9990667364869463
270833601001081,23,23,0,0,3,18.2,27.6,13.3,59.1,33694.28942649945,59.35704600743479
270833604002026,0,0,0,0,16,11.2,0,9.6,20.8,96817.64045429317,42669.5527033532
270833602003095,0,0,0,0,1,0.7,0,0.6,1.3,93333.55018475033,10.27423137657922
270833601001019,6,0,0,6,4,23.8,7.2,10.8,41.8,11427.273661101148,40.912352196932495
270833602001088,7,0,0,7,1,25.2,8.4,10.4,44,48172.923618316825,43.91815116852292
270833601004041,0,0,0,0,8,5.6,0,4.8,10.4,84727.98337623944,4254.169273620844
270833606001106,0,0,0,0,2,1.4,0,1.2,2.6,61249.410834537426,26.985443872260404
270833601001086,0,0,0,0,1,0.7,0,0.6,1.3,41260.9867278943,1.1317952802596603
270833601002013,42,0,16,26,4,228.2,50.4,114,392.6,84248.72606148022,3539.669553777847
270833606004033,0,0,0,0,3,2.1,0,1.8,3.9,69363.5360145764,1124.737683010939
270833601001110,0,0,0,0,3,2.1,0,1.8,3.9,41912.777034982035,3.0547054595333587
270833607002048,0,0,0,0,2,1.4,0,1.2,2.6,43745.20207960785,4005.8568645083164
270833604003005,1,0,0,1,22,18.9,1.2,14.6,34.7,95136.61566243491,19972.035254183007
270833604002011,4,0,0,4,102,85.4,4.8,66.8,157,96105.57755401375,35764.56999393992
270833602002001,0,0,0,0,5,3.5,0,3,6.5,83245.91890268869,6.095830399974696
270833601002014,0,0,0,0,9,6.3,0,5.4,11.7,83653.87476606044,3665.8066511556613
270833604002025,13,13,0,0,54,46.9,15.6,38.9,101.4,96479.70018597107,36142.7503154999
270833605003031,0,0,0,0,10,7,0,6,13,95693.62672498634,30900.320464980494
270833603004009,0,0,0,0,19,13.3,0,11.4,24.7,95665.40929847654,28713.86323165339
270833602002103,50,0,0,50,12,183.4,60,77.2,320.6,88567.37187931471,523.468602336613
270833606002049,0,0,0,0,3,2.1,0,1.8,3.9,40335.888365063394,3.149551201813797
270833601003022,0,0,0,0,3,2.1,0,1.8,3.9,70097.07379553159,266.6320561072406
270833606003000,0,0,0,0,2,1.4,0,1.2,2.6,31933.18328805178,2.046513892214714
270833606004052,0,0,0,0,1,0.7,0,0.6,1.3,51236.67332287,24.524392834513172
270833602003023,0,0,0,0,5,3.5,0,3,6.5,91940.26924814701,47.352708305323084
270833603001012,0,0,0,0,19,13.3,0,11.4,24.7,95441.88180958378,2638.6818099413367
270833602003012,0,0,0,0,1,0.7,0,0.6,1.3,85596.9667593184,2.6870755910353172
270833601004018,0,0,0,0,2,1.4,0,1.2,2.6,38287.38516098373,1651.6251118672194
270833603003010,0,0,0,0,16,11.2,0,9.6,20.8,94252.97479881154,18193.21513190988
270833602001124,0,0,0,0,2,1.4,0,1.2,2.6,56371.612476833085,3.14465820612255
270833602001005,0,0,0,0,1,0.7,0,0.6,1.3,84961.06186505563,1.894915909044521
270833602003030,0,0,0,0,6,4.2,0,3.6,7.8,92470.45962270172,47.89661335810575
270833604001028,0,0,0,0,16,11.2,0,9.6,20.8,96455.34097339342,1731.8493312754
270833607002024,3,0,0,3,2,11.9,3.6,5.4,20.9,61181.281793176,4677.10086685613
270833606002040,0,0,0,0,1,0.7,0,0.6,1.3,72726.19856538174,2.337078500076997
270833606003091,0,0,0,0,6,4.2,0,3.6,7.8,24797.8194859171,119.1693113732698
270833601001084,0,0,0,0,2,1.4,0,1.2,2.6,33925.91507016614,2.2927355869025683
270833603002015,1,1,0,0,17,12.6,1.2,10.7,24.5,95768.971449262,24270.87681377768
270833603002026,1,0,0,1,16,14.7,1.2,11,26.9,95636.02941227966,13732.819410718175
270833602003166,0,0,0,0,2,1.4,0,1.2,2.6,93674.81437472717,1790.386120050957
270833602002098,0,0,0,0,1,0.7,0,0.6,1.3,87484.98401998573,498.9812424606933
270833601001047,0,0,0,0,3,2.1,0,1.8,3.9,6247.959687962973,3.058652055496352
270833603002009,0,0,0,0,21,14.7,0,12.6,27.3,96086.14515954586,25217.660738435734
270833601003027,26,0,0,26,1,91.7,31.2,37,159.9,64938.12376731324,266.2632663264845
270833606001146,0,0,0,0,1,0.7,0,0.6,1.3,20152.313166268104,1.3051063390955624
270833606004041,0,0,0,0,13,9.1,0,7.8,16.9,64190.83209757222,1114.6196333317293
270833606001137,0,0,0,0,3,2.1,0,1.8,3.9,4935.499107991798,4.849285214416464
270833604003015,0,0,0,0,60,42,0,36,78,95524.5878727991,27997.7411896261
270833603003023,0,0,0,0,8,5.6,0,4.8,10.4,93880.40636509555,11343.005609170861
270833602001046,0,0,0,0,20,14,0,12,26,90019.38412885468,568.857112237249
270833601003033,0,0,0,0,2,1.4,0,1.2,2.6,21658.656105412243,3.4546391954727684
270833604003010,0,0,0,0,14,9.8,0,8.4,18.2,96145.3853859764,21544.475571362218
270833604002021,0,0,0,0,11,7.7,0,6.6,14.3,96367.47698311576,41552.5297110308
270833606003020,0,0,0,0,1,0.7,0,0.6,1.3,16941.5335468592,1.0097875454627918
270833601004001,0,0,0,0,1,0.7,0,0.6,1.3,83812.31278560487,116.37536695063604
270833606002082,0,0,0,0,6,4.2,0,3.6,7.8,85333.44892812833,978.4041604277677
270833606003012,0,0,0,0,2,1.4,0,1.2,2.6,13657.76451328119,2.4698187089548878
270833606003076,0,0,0,0,4,2.8,0,2.4,5.2,13462.386583715768,5.078823683483436
270833602002067,0,0,0,0,6,4.2,0,3.6,7.8,77936.92214471613,9.160019146546443
270833601004044,0,0,0,0,4,2.8,0,2.4,5.2,84253.84640018735,4226.779680735561
270833606002020,0,0,0,0,3,2.1,0,1.8,3.9,60142.49132037755,3.2336321272442907
270833601004024,0,0,0,0,8,5.6,0,4.8,10.4,84029.38659743393,4439.1579770743965
270833607002025,32,0,0,32,1,112.7,38.4,45.4,196.5,57267.166202236134,4663.293644421831
270833601003045,0,0,0,0,1,0.7,0,0.6,1.3,64950.90757698749,66.69996856749177
270833607001024,126,0,28,98,31,599.9,151.2,287.4,1038.5,53498.01455534448,1569.2273604142626
270833601003047,0,0,0,0,5,3.5,0,3,6.5,81663.63237128765,3146.1875789078135
270833601001083,0,0,0,0,1,0.7,0,0.6,1.3,68887.54964343281,96.01111870983758
270833605003024,0,0,0,0,17,11.9,0,10.2,22.1,95521.49878280418,28776.546341571502
270833607002001,0,0,0,0,11,7.7,0,6.6,14.3,64391.711861923206,3990.9310797150624
270833601003006,0,0,0,0,1,0.7,0,0.6,1.3,26002.837492652536,1.042002106781473
270833603004005,0,0,0,0,32,22.4,0,19.2,41.6,96127.46914639449,29538.66189471315
270833601004039,0,0,0,0,5,3.5,0,3,6.5,85414.63254579017,1920.623128255806
270833606001125,0,0,0,0,1,0.7,0,0.6,1.3,10428.869377490355,1.040564783921438
270833606001053,0,0,0,0,2,1.4,0,1.2,2.6,28994.3375794613,2.818770944220515
270833601001064,0,0,0,0,2,1.4,0,1.2,2.6,59102.164291479254,2.0094146875315113
270833602002094,0,0,0,0,1,0.7,0,0.6,1.3,91989.1925627106,496.2525553688914
270833606003100,0,0,0,0,3,2.1,0,1.8,3.9,85169.35185093932,213.10920975602266
270833606003026,0,0,0,0,1,0.7,0,0.6,1.3,75658.57633627631,23.306225526290905
270833601004027,0,0,0,0,3,2.1,0,1.8,3.9,85340.37130089973,4253.153709467086
270833601001018,5,5,0,0,2,4.9,6,3.7,14.6,26108.105557904702,14.269602976084926
270833602001018,0,0,0,0,3,2.1,0,1.8,3.9,77045.04006062743,32.34298650518382
270833602001013,0,0,0,0,5,3.5,0,3,6.5,90229.35427336229,567.7592068126235
270833602001038,23,23,0,0,26,34.3,27.6,27.1,89,89151.90619158154,556.2547380394457
270833606002076,0,0,0,0,1,0.7,0,0.6,1.3,82460.18554525425,927.991858278889
270833607001012,0,0,0,0,4,2.8,0,2.4,5.2,56840.39009861832,3524.449792745733
270833602003101,0,0,0,0,3,2.1,0,1.8,3.9,81760.03280430878,4.256535110078309
270833601003009,0,0,0,0,5,3.5,0,3,6.5,13704.315763890505,5.994207188209781
270833606002056,0,0,0,0,3,2.1,0,1.8,3.9,72974.01245351965,6.515888795592953
270833602003155,0,0,0,0,1,0.7,0,0.6,1.3,35289.81113124794,1.0883974622733048
270833606004023,0,0,0,0,4,2.8,0,2.4,5.2,68668.86985063653,1114.6350590248755
270833606003024,0,0,0,0,2,1.4,0,1.2,2.6,13913.701268843408,1.9958000529873663
270833601001087,0,0,0,0,1,0.7,0,0.6,1.3,20576.76909596732,0.9988028600139668
270833606001144,0,0,0,0,2,1.4,0,1.2,2.6,36188.68348143031,213.6129203655535
270833606003066,0,0,0,0,1,0.7,0,0.6,1.3,72812.67389875966,2.006806674904489
270833606003071,0,0,0,0,2,1.4,0,1.2,2.6,24172.476834787834,2.13467479239494
270833606002055,0,0,0,0,3,2.1,0,1.8,3.9,84099.53542615555,36.407571601631474
270833602003043,0,0,0,0,2,1.4,0,1.2,2.6,11479.366891068024,1.995227766200536
270833607003002,0,0,0,0,4,2.8,0,2.4,5.2,17198.864983968153,2456.370613736963
270833605001038,0,0,0,0,12,8.4,0,7.2,15.6,95760.70625786166,35748.42701531933
270833601002012,0,0,0,0,3,2.1,0,1.8,3.9,84458.03779711842,3617.51033126068
270833602001058,0,0,0,0,5,3.5,0,3,6.5,79161.73240870559,11.006733977081922
270833603001000,0,0,0,0,170,118.99999999999999,0,102,221,95403.46444437646,7082.636095662003
270833602002073,0,0,0,0,7,4.9,0,4.2,9.1,81269.20533261509,8.99897784705575
270833601001123,0,0,0,0,1,0.7,0,0.6,1.3,86231.89232923153,1.2125418478815002
270833603003008,0,0,0,0,16,11.2,0,9.6,20.8,94047.68193954721,14098.410480404273
270833605003020,0,0,0,0,17,11.9,0,10.2,22.1,95251.74620833086,27635.07785791879
270833605003032,0,0,0,0,10,7,0,6,13,95786.741666779,30746.711378015985
270833602003150,0,0,0,0,1,0.7,0,0.6,1.3,52436.86345320886,1.0154317931166656
270833607003019,0,0,0,0,15,10.5,0,9,19.5,48639.04513370055,3781.0031337966175
270833605001028,0,0,0,0,3,2.1,0,1.8,3.9,96064.3436010464,27034.010324099294
270833604003006,2,2,0,0,183,129.5,2.4,110.8,242.7,95068.32588255253,21885.963450734394
270833607001000,3,0,1,2,3,17.5,3.6,9.3,30.4,15858.204018716873,476.0606703591049
270833606002089,0,0,0,0,2,1.4,0,1.2,2.6,78459.96856788946,2.000881104883659
270833606001148,0,0,0,0,2,1.4,0,1.2,2.6,5721.751222016784,2.96484855211851
270833605001023,114,45,44,25,7,493.5,136.8,268.5,898.8,94696.66658127506,22724.464078207176
270833603002006,0,0,0,0,6,4.2,0,3.6,7.8,95767.75127890655,29482.128129586497
270833602003109,0,0,0,0,1,0.7,0,0.6,1.3,84252.6723126117,1.1067728667115462
270833602003055,0,0,0,0,2,1.4,0,1.2,2.6,82645.75010848051,4.380049949115544
270833602003089,0,0,0,0,1,0.7,0,0.6,1.3,81095.51393728846,0.9998054121251766
270833602003042,0,0,0,0,2,1.4,0,1.2,2.6,10962.991500155153,2.994008398221894
270833606003021,0,0,0,0,4,2.8,0,2.4,5.2,10508.932495140987,4.992230986672011
270833606004025,0,0,0,0,7,4.9,0,4.2,9.1,66007.80694545938,1108.3959533244167
270833607001023,0,0,0,0,6,4.2,0,3.6,7.8,49750.48657710293,4660.962582684307
270833601002018,74,72,0,2,22,72.8,88.8,52,213.6,83735.29050124403,2468.7935885603497
270833606003117,0,0,0,0,1,0.7,0,0.6,1.3,46654.428775378816,1.0076177490266784
270833604003014,1,0,1,0,29,28.7,1.2,22.1,51.99999999999999,95885.96887851927,26989.494393740355
270833606001055,0,0,0,0,2,1.4,0,1.2,2.6,9299.007953814498,1.998344971836003
270833606002093,0,0,0,0,1,0.7,0,0.6,1.3,83108.11025184489,11.031161077387589
270833602002105,0,0,0,0,1,0.7,0,0.6,1.3,90533.85441748599,521.3247024349231
270833606001073,0,0,0,0,1,0.7,0,0.6,1.3,16343.803217603536,2.3253561822370656
270833603004018,35,0,0,35,46,154.7,42,76.6,273.3,92771.17613386535,5089.708840576128
270833606001103,1,0,0,1,4,6.3,1.2,3.8,11.3,67863.29796470545,27.16595414522866
270833606001147,0,0,0,0,1,0.7,0,0.6,1.3,21825.28495576609,1.2988308899779857
270833607001001,30,0,0,30,4,107.8,36,44.4,188.2,59454.51043873912,3620.2354013442987
270833601002026,0,0,0,0,3,2.1,0,1.8,3.9,84540.66017930198,3211.534418694731
270833602003137,0,0,0,0,3,2.1,0,1.8,3.9,56138.83323667084,3.003933434134567
270833601003083,0,0,0,0,8,5.6,0,4.8,10.4,70372.76523977077,267.51228570336224
270833601003058,0,0,0,0,8,5.6,0,4.8,10.4,83431.74180245974,3628.9036361884073
270833604001016,0,0,0,0,19,13.3,0,11.4,24.7,96700.62154556865,24375.754815359385
270833602002068,0,0,0,0,2,1.4,0,1.2,2.6,93904.32867334959,2.348143665939845
270833602001015,0,0,0,0,7,4.9,0,4.2,9.1,90788.45687555397,566.9521349548638
270833603003009,1,1,0,0,16,11.9,1.2,10.1,23.2,93789.96992240407,16183.772037542614
270833601001024,0,0,0,0,2,1.4,0,1.2,2.6,9318.65238302803,2.0806272412876368
270833602002069,0,0,0,0,2,1.4,0,1.2,2.6,84400.03974389916,2.1890481331921454
270833601003028,3,0,0,3,5,14,3.6,7.2,24.8,70911.08374330502,266.4591255088284
270833605001043,21,21,0,0,14,24.5,25.2,18.9,68.6,96261.3860345057,37374.99615454955
270833602001073,0,0,0,0,3,2.1,0,1.8,3.9,19549.61542204717,3.065780369062456
270833606003028,0,0,0,0,9,6.3,0,5.4,11.7,81504.84720499178,33.068922566150036
270833601001127,0,0,0,0,1,0.7,0,0.6,1.3,88037.5714415416,1.5636087736989197
270833606002014,0,0,0,0,3,2.1,0,1.8,3.9,67944.15049117018,2.994444016231933
270833603002005,6,0,0,6,15,31.5,7.2,17.4,56.1,96030.98452824831,30289.280725804234
270833602001042,0,0,0,0,5,3.5,0,3,6.5,90680.85162087381,570.4899978253834
270833602001027,0,0,0,0,1,0.7,0,0.6,1.3,65957.46416512511,1.989683838093654
270833606001098,0,0,0,0,3,2.1,0,1.8,3.9,17502.033010476658,5.044964035822912
270833601003052,0,0,0,0,10,7,0,6,13,83017.56888512417,3233.931666306714
270833601002007,0,0,0,0,11,7.7,0,6.6,14.3,83950.13775850703,3668.8664039865093
270833601003068,0,0,0,0,4,2.8,0,2.4,5.2,83655.65122608688,2859.0668636527125
270833601004048,0,0,0,0,11,7.7,0,6.6,14.3,85850.26277713492,2584.5678517284655
270833602001106,0,0,0,0,1,0.7,0,0.6,1.3,87507.68158535853,1.9607187511037414
270833603003002,0,0,0,0,1,0.7,0,0.6,1.3,88305.77918131434,15.959374513579345
270833605003019,0,0,0,0,14,9.8,0,8.4,18.2,95362.66334303036,29710.097978107235
270833601001124,0,0,0,0,2,1.4,0,1.2,2.6,75314.51980564887,2.003736214247471
270833606004045,0,0,0,0,10,7,0,6,13,61707.049682839126,1071.9856455336912
270833606003108,0,0,0,0,5,3.5,0,3,6.5,85453.94119093109,213.09143107551134
270833603002027,1,0,0,1,99,72.8,1.2,60.8,134.8,95068.18670451475,4136.007705895015
270833602001151,0,0,0,0,3,2.1,0,1.8,3.9,3170.3027637474083,2.996251086385157
270833604002020,11,0,0,11,37,64.4,13.2,37.6,115.2,95677.75812609293,38479.4791738943
270833605003025,0,0,0,0,10,7,0,6,13,95653.656226653,27793.98239836718
270833602001072,0,0,0,0,2,1.4,0,1.2,2.6,4989.563833811109,3.2080875325687908
270833602003001,0,0,0,0,3,2.1,0,1.8,3.9,17518.696641235518,3.053099388568632
270833601003067,0,0,0,0,4,2.8,0,2.4,5.2,84355.91500709429,3045.9976955992465
270833601002027,0,0,0,0,6,4.2,0,3.6,7.8,84377.18247715011,3130.1812628165308
270833607002018,0,0,0,0,12,8.4,0,7.2,15.6,54048.30665505778,4356.885736221998
270833602001039,0,0,0,0,3,2.1,0,1.8,3.9,91328.929105509,569.3393697457726
270833604003012,30,0,0,30,25,122.5,36,57,215.5,95457.86796117248,19310.839282527897
270833607003014,0,0,0,0,29,20.3,0,17.4,37.7,62372.3241897678,3640.455190948849
270833601003054,41,0,0,41,1,144.2,49.2,58,251.4,82053.00731376346,3178.4544684512502
270833601003055,0,0,0,0,5,3.5,0,3,6.5,82355.62015288018,3481.1317182217513
270833601001074,0,0,0,0,1,0.7,0,0.6,1.3,66553.1099306786,1.0729409473057967
270833606001100,0,0,0,0,1,0.7,0,0.6,1.3,50417.38781992131,26.26210519662834
270833602001076,0,0,0,0,2,1.4,0,1.2,2.6,10002.02216016753,2.0019978905359634
270833602001060,0,0,0,0,1,0.7,0,0.6,1.3,88469.54527709576,2.401107730564346
270833606001149,0,0,0,0,4,2.8,0,2.4,5.2,6285.037244389163,5.3798593164469075
270833602003046,0,0,0,0,3,2.1,0,1.8,3.9,79570.9792681272,2.9997994051919754
270833606002024,0,0,0,0,1,0.7,0,0.6,1.3,86754.45936147706,2.741483784927449
270833606002063,0,0,0,0,13,9.1,0,7.8,16.9,79769.763253063,924.6453222782866
270833606002086,0,0,0,0,3,2.1,0,1.8,3.9,45595.01199333574,3.0123638982245797
270833601002010,0,0,0,0,6,4.2,0,3.6,7.8,83472.98644423108,3605.9971708049825
270833607002005,0,0,0,0,12,8.4,0,7.2,15.6,59866.64513650599,4182.632394203565
270833606004051,0,0,0,0,3,2.1,0,1.8,3.9,63287.260034841674,1075.1833296479303
270833603002016,1,1,0,0,16,11.9,1.2,10.1,23.2,95824.44222774138,23340.054351236202
270833603002021,0,0,0,0,29,20.3,0,17.4,37.7,96016.58337487538,18003.591549249548
270833603004011,29,18,0,11,105,124.6,34.8,87.4,246.8,95628.45830784825,28114.157775790933
270833602001087,0,0,0,0,4,2.8,0,2.4,5.2,40626.128639791605,5.080297740235982
270833605001036,3,0,0,3,4,13.3,3.6,6.6,23.5,96109.11303310981,34734.84037177882
270833605001045,1,0,0,1,5,7,1.2,4.4,12.6,96158.58987008779,36749.069550136264
270833606003074,0,0,0,0,3,2.1,0,1.8,3.9,54038.23195853614,5.9093544505277436
270833604002008,7,0,7,0,4,61.6,8.4,35.3,105.3,96111.32341461911,36932.108590534954
270833606001109,0,0,0,0,1,0.7,0,0.6,1.3,58452.34457670903,26.988956437699635
270833606001052,0,0,0,0,1,0.7,0,0.6,1.3,10860.703233423239,1.0945898791503932
270833602001116,0,0,0,0,4,2.8,0,2.4,5.2,50893.11217724925,5.00352221415472
270833602003081,0,0,0,0,3,2.1,0,1.8,3.9,76984.71185504505,3.1045277387716763
270833606001130,0,0,0,0,2,1.4,0,1.2,2.6,20063.97801551106,4.756974510887918
270833607002041,0,0,0,0,4,2.8,0,2.4,5.2,58213.070760212635,4684.418165303395
270833601001077,0,0,0,0,2,1.4,0,1.2,2.6,34882.0668775548,2.010103629407226
270833602003111,0,0,0,0,1,0.7,0,0.6,1.3,63180.42738315426,1.052453920047097
270833602002117,0,0,0,0,3,2.1,0,1.8,3.9,59488.92782568835,4.98744184256485
270833603003001,694,0,0,694,6,2433.2,832.8,975.2,4241.2,93342.45905253729,12196.255781938818
270833601003078,0,0,0,0,3,2.1,0,1.8,3.9,16575.394239614823,3.0015390562377933
270833601003007,0,0,0,0,2,1.4,0,1.2,2.6,30907.565473270755,12.17028776654246
270833601003030,0,0,0,0,3,2.1,0,1.8,3.9,74495.57648928987,269.0197902395414
270833604002030,138,0,34,104,48,683.2,165.6,334.2,1183,96465.93864570225,37336.004342679575
270833602003017,0,0,0,0,3,2.1,0,1.8,3.9,79726.12907352773,12.78620917242231
270833606001102,0,0,0,0,2,1.4,0,1.2,2.6,60508.73001420167,27.09898132015493
270833602002126,0,0,0,0,5,3.5,0,3,6.5,71909.53655350808,5.983233969779283
270833602001030,0,0,0,0,1,0.7,0,0.6,1.3,17653.202473231395,1.077495692586544
270833602001104,0,0,0,0,1,0.7,0,0.6,1.3,84858.94119020812,1.0207195745930493
270833602002034,1,0,1,0,3,10.5,1.2,6.5,18.2,43518.35684443312,18.39266700224618
270833606002109,0,0,0,0,3,2.1,0,1.8,3.9,23114.862171720542,3.3025580470693545
270833602003139,0,0,0,0,2,1.4,0,1.2,2.6,41587.94717689475,1.9979689505174956
270833606002059,0,0,0,0,12,8.4,0,7.2,15.6,86588.11653111051,974.1339308933343
270833602001117,0,0,0,0,1,0.7,0,0.6,1.3,74238.6712953829,1.0732515346340123
270833602003031,0,0,0,0,20,14,0,12,26,89978.06590657194,47.73081430508391
270833602002032,0,0,0,0,11,7.7,0,6.6,14.3,91141.34912337075,66.21864810049689
270833603004000,85,10,19,56,5,366.1,102,175.7,643.8,95947.75647044402,32166.68681264434
270833606004028,0,0,0,0,5,3.5,0,3,6.5,70275.28421515197,1126.2029803149744
270833601003049,0,0,0,0,10,7,0,6,13,82250.47849683407,3165.4537575986765
270833601004052,4,0,0,4,1,14.7,4.8,6.2,25.7,84979.54008189657,4544.261105998874
270833602002006,1,1,0,0,4,3.5,1.2,2.9,7.6,91324.5919066721,135.78547729745085
270833605003009,25,0,0,25,15,98,30,44,172,93627.57361818354,9768.076458457468
270833602003125,0,0,0,0,2,1.4,0,1.2,2.6,77953.11486117168,2.0223190403803053
270833606004040,0,0,0,0,10,7,0,6,13,60417.47656971388,1079.2605878685604
270833601001105,0,0,0,0,2,1.4,0,1.2,2.6,80229.36693255979,2.25897510075177
270833606003018,0,0,0,0,1,0.7,0,0.6,1.3,80248.39144666257,7.206435283261062
270833605001017,8,0,0,8,6,32.2,9.6,14.8,56.6,94919.18946942038,25814.272115853273
270833602001092,0,0,0,0,2,1.4,0,1.2,2.6,8193.514727290165,4.791402265835699
270833602001138,0,0,0,0,2,1.4,0,1.2,2.6,24724.00634524547,2.071680868449176
270833606004008,1,1,0,0,7,5.6,1.2,4.7,11.5,70664.26889410762,1115.3650588961536
270833606001089,0,0,0,0,4,2.8,0,2.4,5.2,30919.06886991461,5.412451886380825
270833603002003,0,0,0,0,17,11.9,0,10.2,22.1,95899.51636383166,30104.93697260682
270833606002005,0,0,0,0,1,0.7,0,0.6,1.3,69024.31801745502,1.1067985416085366
270833602003007,0,0,0,0,1,0.7,0,0.6,1.3,87626.05718055033,1.0323025754510808
270833605001000,0,0,0,0,1,0.7,0,0.6,1.3,89306.56182127389,142.55941888047218
270833602003013,0,0,0,0,3,2.1,0,1.8,3.9,86692.27606059892,3.866054857965787
270833607003023,0,0,0,0,9,6.3,0,5.4,11.7,48416.21039119228,3576.5953527515567
270833607002040,7,6,0,1,2,9.1,8.4,5.6,23.1,57163.18723876464,4823.776895525535
270833607002046,117,0,0,117,15,420,140.4,172.8,733.2,30689.01485021202,2819.98159422931
270833602001041,0,0,0,0,1,0.7,0,0.6,1.3,89603.72796428028,525.4533596437958
270833602001031,0,0,0,0,2,1.4,0,1.2,2.6,9319.546806862874,2.002351849151317
270833604002023,0,0,0,0,9,6.3,0,5.4,11.7,96673.82384909007,42450.206502953195
270833607002014,0,0,0,0,4,2.8,0,2.4,5.2,60376.132988464415,4448.194466640902
270833602003106,0,0,0,0,3,2.1,0,1.8,3.9,73143.12456940883,3.039571533704986
270833604003011,527,27,48,452,25,2021.6,632.4,886.9,3540.9,95614.6971164156,18646.85819091184
270833602001048,0,0,0,0,8,5.6,0,4.8,10.4,90162.3288380805,570.4713976458153
270833603001010,0,0,0,0,10,7,0,6,13,95979.9923320355,4587.848200481259
270833606003032,0,0,0,0,6,4.2,0,3.6,7.8,87179.83837463165,39.76537351334274
270833602001093,0,0,0,0,2,1.4,0,1.2,2.6,17037.50579169936,5.385813552413786
270833606002032,0,0,0,0,2,1.4,0,1.2,2.6,62049.657858445644,2.812537282764897
270833606002080,0,0,0,0,2,1.4,0,1.2,2.6,84267.04760124497,976.4874837726101
270833602003061,28,19,0,9,8,50.4,33.6,26.9,110.9,86643.52908342815,109.76331020212703
270833604003022,4,0,0,4,16,25.2,4.8,15.2,45.2,95393.33466442421,21899.421705648576
270833606002046,0,0,0,0,1,0.7,0,0.6,1.3,86086.13864473374,6.128874863373633
270833607002045,0,0,0,0,4,2.8,0,2.4,5.2,41764.28259568097,3802.708508856934
270833606004044,0,0,0,0,10,7,0,6,13,55552.42889868559,968.6497516659631
270833602001125,0,0,0,0,10,7,0,6,13,16420.575022389516,13.005201658361125
270833607003024,0,0,0,0,8,5.6,0,4.8,10.4,52406.435542030726,3359.0728672302844
270833606001012,0,0,0,0,7,4.9,0,4.2,9.1,8807.227127176293,9.119626828283153
270833602003069,2,2,0,0,4,4.2,2.4,3.4,10,79780.5677789919,10.322443633756738
270833602001110,0,0,0,0,3,2.1,0,1.8,3.9,84244.29182317077,3.0123438050449156
270833607003020,0,0,0,0,23,16.1,0,13.8,29.9,51856.70746612044,3341.5084838167377
270833606001122,0,0,0,0,1,0.7,0,0.6,1.3,3772.785088824476,1.011575832219479
270833602002027,0,0,0,0,5,3.5,0,3,6.5,86433.18240323995,8.938686775076448
270833604002001,0,0,0,0,1,0.7,0,0.6,1.3,96110.56820607239,38698.58924787833
270833605002019,289,16,94,179,127,1516.2,346.8,776.6,2639.6,94556.09281092367,24693.282184642332
270833606001025,0,0,0,0,4,2.8,0,2.4,5.2,31926.694003696666,5.076738502747787
270833605002005,0,0,0,0,1,0.7,0,0.6,1.3,93503.0346113493,9798.277218368852
270833601003040,0,0,0,0,41,28.7,0,24.6,53.3,82033.96539820312,3241.987442883815
270833607003017,0,0,0,0,1,0.7,0,0.6,1.3,41983.421145087574,3025.1031257120417
270833605001034,1,0,0,1,49,37.8,1.2,30.8,69.8,95756.36754773937,30819.02720727991
270833602002107,6,6,0,0,21,18.9,7.2,15.6,41.7,86754.47335943671,524.4335913086276
270833601001023,1,1,0,0,5,4.2,1.2,3.5,8.9,29207.304355903325,7.9806775823833975
270833607002038,44,5,10,29,6,193.2,52.8,93.7,339.7,59249.69314067452,4841.425058101415
270833607002037,0,0,0,0,1,0.7,0,0.6,1.3,56205.56770710447,4508.179386056362
270833602003100,0,0,0,0,4,2.8,0,2.4,5.2,81382.24250048531,4.98975273522265
270833602003117,0,0,0,0,7,4.9,0,4.2,9.1,78902.77293451366,10.843796144477201
270833606001084,0,0,0,0,2,1.4,0,1.2,2.6,44152.922391278174,2.9809878717261986
270833602002004,0,0,0,0,2,1.4,0,1.2,2.6,92862.76229326599,54.732947681854284
270833601001113,2,2,0,0,2,2.8,2.4,2.2,7.4,27901.62726799141,7.241800625000682
270833605003027,0,0,0,0,11,7.7,0,6.6,14.3,95656.20608909478,29945.426903692365
270833606002048,0,0,0,0,1,0.7,0,0.6,1.3,71006.30734218493,1.26499403992551
270833602002124,0,0,0,0,1,0.7,0,0.6,1.3,77202.04822406515,1.0071548842614235
270833602002070,0,0,0,0,1,0.7,0,0.6,1.3,86779.73442338419,10.74989990948836
270833602003122,0,0,0,0,2,1.4,0,1.2,2.6,74383.67139833179,2.9863648342200255
270833602002081,0,0,0,0,1,0.7,0,0.6,1.3,65821.9721665723,0.9986632547255151
270833603003028,14,14,0,0,33,32.9,16.8,26.8,76.5,94615.68839130763,22891.50419040457
270833603004002,0,0,0,0,30,21,0,18,39,95851.61651988275,30469.639175970005
270833605001033,0,0,0,0,5,3.5,0,3,6.5,95953.79639383573,31898.19434913032
270833601001072,0,0,0,0,1,0.7,0,0.6,1.3,81105.59049399603,1.0696151794137314
270833602003039,0,0,0,0,4,2.8,0,2.4,5.2,57338.56992186337,4.9992304913623755
270833604001013,2,0,0,2,10,14,2.4,8.8,25.2,96529.62574731236,16852.13364357799
270833602002119,0,0,0,0,1,0.7,0,0.6,1.3,91060.5527723377,63.394930211037945
270833606002112,0,0,0,0,1,0.7,0,0.6,1.3,69126.65848872544,2.0358420171879086
270833602002056,0,0,0,0,7,4.9,0,4.2,9.1,94724.60147667618,79.42538980560107
270833606004042,0,0,0,0,6,4.2,0,3.6,7.8,66304.37746796178,1112.5748761614775
270833605001019,3,0,0,3,18,23.1,3.6,14.999999999999998,41.7,96013.61418816273,34888.60657386786
270833606001154,0,0,0,0,1,0.7,0,0.6,1.3,8755.50036667664,1.9706455385409742
270833606001150,0,0,0,0,7,4.9,0,4.2,9.1,7608.231679394784,9.9357113006015485
270833604001030,0,0,0,0,8,5.6,0,4.8,10.4,97418.18797214422,10936.514420655736
270833601001044,0,0,0,0,2,1.4,0,1.2,2.6,5509.574374811532,2.0179385871353537
270833607001018,0,0,0,0,13,9.1,0,7.8,16.9,63820.62915765095,3642.956057726757
270833601004047,0,0,0,0,1,0.7,0,0.6,1.3,84766.23244054434,2341.343717865365
270833602002021,0,0,0,0,2,1.4,0,1.2,2.6,70021.11552310274,2.070428008754913
270833601001097,3,3,0,0,5,5.6,3.6,4.5,13.7,80705.96155236587,13.112571908832376
270833606002094,0,0,0,0,5,3.5,0,3,6.5,62743.60046303215,8.263008134982815
270833603003024,9,0,0,9,20,45.5,10.8,24.6,80.9,94698.0400329484,14431.752119973886
270833602001022,0,0,0,0,4,2.8,0,2.4,5.2,63524.645403864786,5.3592860387718035
270833601001088,0,0,0,0,2,1.4,0,1.2,2.6,26410.968618718576,2.0329988011237314
270833601003048,0,0,0,0,1,0.7,0,0.6,1.3,79696.07926518943,2386.334543013852
270833601002016,0,0,0,0,13,9.1,0,7.8,16.9,82860.86008851838,3635.9460698169128
270833602003078,0,0,0,0,4,2.8,0,2.4,5.2,77010.60081182307,6.000710772125251
270833607001002,0,0,0,0,4,2.8,0,2.4,5.2,66239.31839421982,4092.360222403486
270833606001060,0,0,0,0,3,2.1,0,1.8,3.9,11149.166449824372,3.2100138761992243
270833601003032,0,0,0,0,2,1.4,0,1.2,2.6,23443.624247373165,16.19824664936931
270833606001045,0,0,0,0,2,1.4,0,1.2,2.6,9121.827690685192,2.010487755524457
270833602001014,0,0,0,0,3,2.1,0,1.8,3.9,89739.76959624661,558.8529926414532
270833606002001,4,4,0,0,3,4.9,4.8,3.8,13.5,62866.13499472093,14.973052669063556
270833602001108,0,0,0,0,3,2.1,0,1.8,3.9,79989.47096014058,5.233413467127638
270833606001082,0,0,0,0,3,2.1,0,1.8,3.9,12356.074504858534,4.00569603137351
270833601003012,0,0,0,0,3,2.1,0,1.8,3.9,28387.26453818666,3.2804387553091745
270833606001140,0,0,0,0,2,1.4,0,1.2,2.6,6123.783553598167,1.995850877702865
270833606001058,0,0,0,0,1,0.7,0,0.6,1.3,45472.442619234775,1.2860783352849954
270833601001075,0,0,0,0,2,1.4,0,1.2,2.6,41593.70171386093,2.993533708460411
270833601001107,0,0,0,0,1,0.7,0,0.6,1.3,31440.811253499673,1.0389975081787681
270833601001140,0,0,0,0,1,0.7,0,0.6,1.3,85234.75325454152,5.773965199882403
270833607003012,0,0,0,0,9,6.3,0,5.4,11.7,52737.15060040541,3857.859891034342
270833602001132,0,0,0,0,1,0.7,0,0.6,1.3,38815.61678104388,1.8821553788486018
270833601003002,0,0,0,0,2,1.4,0,1.2,2.6,16024.209787760938,5.306800516627989
270833606002095,0,0,0,0,2,1.4,0,1.2,2.6,68030.41618477483,23.354253143971725
270833606001028,0,0,0,0,3,2.1,0,1.8,3.9,84442.54791600937,922.7380481077139
270833601001005,0,0,0,0,1,0.7,0,0.6,1.3,29942.309806105026,1.4165251522182392
270833601004031,0,0,0,0,32,22.4,0,19.2,41.6,84852.0011923613,2938.6441294907117
270833605002010,457,2,0,455,8,1599.5,548.4,642.8,2790.7,95542.83826756345,8820.365681018482
270833603003012,38,31,7,0,43,110.6,45.6,74.2,230.4,94967.0616354311,23246.6007303698
270833605001016,2,0,0,2,21,21.7,2.4,15.4,39.5,94967.73778215931,23436.629654050077
270833606003143,0,0,0,0,1,0.7,0,0.6,1.3,16411.137333223032,0.9998227256843886
270833602002023,0,0,0,0,2,1.4,0,1.2,2.6,52657.52725211231,1.995536544555337
270833601001133,3,3,0,0,5,5.6,3.6,4.5,13.7,71933.31187595199,13.141453514826278
270833606003107,0,0,0,0,1,0.7,0,0.6,1.3,53051.10924340477,190.62421074383803
270833603001005,0,0,0,0,29,20.3,0,17.4,37.7,95461.13439958259,16665.50685731933
270833605003015,0,0,0,0,21,14.7,0,12.6,27.3,94603.20209765462,21951.22777054292
270833606001090,0,0,0,0,1,0.7,0,0.6,1.3,4807.253470464572,1.004355939734031
270833606002091,0,0,0,0,2,1.4,0,1.2,2.6,80108.24139241992,2.13247209158216
270833601003011,0,0,0,0,3,2.1,0,1.8,3.9,15422.071086512744,3.472591603864263
270833601004017,0,0,0,0,23,16.1,0,13.8,29.9,81161.04409616019,3991.8405462165856
270833606001101,0,0,0,0,4,2.8,0,2.4,5.2,63021.4582002195,27.60031817739942
270833606001134,0,0,0,0,2,1.4,0,1.2,2.6,7827.910966433177,2.0632345320520002
270833607003011,0,0,0,0,12,8.4,0,7.2,15.6,54158.07129184736,4099.997390945786
270833603001016,2,0,0,2,8,12.6,2.4,7.6,22.6,95708.22803247345,2993.5635999741767
270833606003013,0,0,0,0,1,0.7,0,0.6,1.3,47084.88545901719,2.4588590746773327
270833606003023,0,0,0,0,1,0.7,0,0.6,1.3,10704.886995129958,1.0136235916743137
270833606003129,0,0,0,0,5,3.5,0,3,6.5,13828.041500933316,9.118499429618529
270833604002035,0,0,0,0,4,2.8,0,2.4,5.2,95957.78807442059,38679.50190985178
270833603002000,0,0,0,0,56,39.2,0,33.6,72.8,95792.13368465994,29549.983940650054
270833603003005,0,0,0,0,5,3.5,0,3,6.5,94739.76567727364,15425.359284744965
270833601001076,0,0,0,0,3,2.1,0,1.8,3.9,15521.80642134654,3.061403661774139
270833601001117,0,0,0,0,4,2.8,0,2.4,5.2,85166.38189707116,5.108670079088589
270833602001036,0,0,0,0,1,0.7,0,0.6,1.3,87846.92893547357,382.1024377280402
270833602001051,0,0,0,0,4,2.8,0,2.4,5.2,90629.57421139028,202.20038022435907
270833606003126,2,2,0,0,3,3.5,2.4,2.8,8.7,38623.72773471684,8.856084654824981
270833604001011,4,0,0,4,15,24.5,4.8,14.6,43.9,96503.93231431548,16088.78778361183
270833601001103,0,0,0,0,4,2.8,0,2.4,5.2,77358.769934165015,5.60432572830198
270833605001009,53,49,0,4,1,49,63.6,30.7,143.3,92951.65586071229,7818.321257727919
270833604001012,0,0,0,0,20,14,0,12,26,96388.7173408526,17027.50178159443
270833601001017,0,0,0,0,1,0.7,0,0.6,1.3,83975.86179338748,0.9997975316893765
270833606004009,58,0,0,58,42,232.4,69.6,106.4,408.4,64608.27103779373,1057.4974877628122
270833606001136,0,0,0,0,2,1.4,0,1.2,2.6,6875.700694043498,4.773197890637116
270833606003137,0,0,0,0,3,2.1,0,1.8,3.9,27272.713703237736,3.041634479863069
270833602001091,0,0,0,0,1,0.7,0,0.6,1.3,69867.30384067756,4.000606924440091
270833601003046,0,0,0,0,2,1.4,0,1.2,2.6,79674.00606530564,2432.715331771112
270833602001119,0,0,0,0,1,0.7,0,0.6,1.3,80266.32173520945,2.7158369933965822
270833601004025,0,0,0,0,8,5.6,0,4.8,10.4,83311.00023835643,4283.76391916796
270833606003061,0,0,0,0,3,2.1,0,1.8,3.9,70275.29098261446,5.794958447035333
270833601001109,0,0,0,0,1,0.7,0,0.6,1.3,54846.83730517288,1.1982607914971604
270833606003125,0,0,0,0,1,0.7,0,0.6,1.3,51147.741646359435,1.0118132841334035
270833602002121,0,0,0,0,1,0.7,0,0.6,1.3,74750.54319831548,1.149559500419858
270833604001022,11,0,1,10,5,46.9,13.2,21.7,81.8,92197.83766944883,623.1689191063371
270833606004039,0,0,0,0,2,1.4,0,1.2,2.6,65972.22436333497,1099.389574924449
270833601001071,0,0,0,0,3,2.1,0,1.8,3.9,56457.20879484797,2.9939493049379187
270833606001032,0,0,0,0,1,0.7,0,0.6,1.3,23593.350449019676,1.0269707018886827
270833602001144,0,0,0,0,3,2.1,0,1.8,3.9,7765.629352090394,2.9974710274845795
270833602002101,0,0,0,0,7,4.9,0,4.2,9.1,89877.00245789209,523.6193704509145
270833606001022,0,0,0,0,2,1.4,0,1.2,2.6,4834.83930922275,2.0012683065733556
270833601003018,0,0,0,0,6,4.2,0,3.6,7.8,56283.08978910806,266.8530203646764
270833601001054,0,0,0,0,2,1.4,0,1.2,2.6,16808.57513432793,2.998078489659304
270833601001015,0,0,0,0,4,2.8,0,2.4,5.2,72552.45048519831,5.37344517261783
270833606003044,2,0,0,2,3,9.1,2.4,4.6,16.1,11491.67436811313,16.36594243644373
270833602001121,1,1,0,0,1,1.4,1.2,1.1,3.7,60374.70327577972,3.1286374622063913
270833602002095,0,0,0,0,29,20.3,0,17.4,37.7,89338.68499775133,514.0798258384964
270833602002090,0,0,0,0,2,1.4,0,1.2,2.6,90227.99097687604,53.37872130327817
270833606003093,0,0,0,0,3,2.1,0,1.8,3.9,60675.74406010749,2804.687101264462
270833607002019,0,0,0,0,4,2.8,0,2.4,5.2,55671.55178828279,4295.016223246821
270833606004011,0,0,0,0,5,3.5,0,3,6.5,61982.9379008225,1096.1851080740716
270833603002019,0,0,0,0,18,12.6,0,10.8,23.4,96328.94659898462,21797.88362060776
270833603001007,0,0,0,0,46,32.2,0,27.6,59.8,95641.30007029111,6737.837636581996
270833603001001,0,0,0,0,17,11.9,0,10.2,22.1,95669.08521771974,3525.559956543628
270833602001023,0,0,0,0,2,1.4,0,1.2,2.6,37473.23936313853,2.1842603983973174
270833607002006,0,0,0,0,6,4.2,0,3.6,7.8,61282.69817145444,4289.494439610084
270833602001012,0,0,0,0,1,0.7,0,0.6,1.3,85863.5069605167,518.4968353102128
270833601003074,0,0,0,0,3,2.1,0,1.8,3.9,27235.99989825696,2.9986604212745376
270833606001063,0,0,0,0,4,2.8,0,2.4,5.2,11543.678005119371,5.091426397232209
270833606003005,0,0,0,0,1,0.7,0,0.6,1.3,24915.334350191464,1.020720727345127
270833602003003,0,0,0,0,9,6.3,0,5.4,11.7,43479.274912295834,10.99402943353998
270833601001102,0,0,0,0,3,2.1,0,1.8,3.9,83440.69428193271,4.066627131991197
270833607003006,0,0,0,0,9,6.3,0,5.4,11.7,55239.6685738929,2893.8942662262775
270833602001156,0,0,0,0,6,4.2,0,3.6,7.8,90468.99880857843,570.4316860064625
270833606003109,0,0,0,0,6,4.2,0,3.6,7.8,85072.54854721078,213.01404398898262
270833606003105,0,0,0,0,1,0.7,0,0.6,1.3,37773.939890619164,1132.8225034203074
270833601001055,3,0,0,3,1,11.2,3.6,4.8,19.6,13998.745055981306,20.08503620380328
270833601003057,0,0,0,0,9,6.3,0,5.4,11.7,83148.1051787808,3568.028271187811
270833602003102,0,0,0,0,6,4.2,0,3.6,7.8,73179.93174770108,7.990985045198161
270833606003101,0,0,0,0,3,2.1,0,1.8,3.9,84809.85511130016,213.2091529010434
270833606001024,0,0,0,0,5,3.5,0,3,6.5,31226.957233968507,6.001772814967576
270833605001027,0,0,0,0,22,15.4,0,13.2,28.6,95997.91004316557,28433.677858296418
270833605003034,0,0,0,0,9,6.3,0,5.4,11.7,95772.39497643866,33279.84433198527
270833602002075,3,3,0,0,14,11.9,3.6,9.9,25.4,69843.0944856305,26.711878037979513
270833606001011,0,0,0,0,1,0.7,0,0.6,1.3,10724.181784706965,15.070691267207525
270833604001040,38,38,0,0,1,27.3,45.6,19.6,92.5,95068.45706617912,105.6892356317616
270833606003110,0,0,0,0,2,1.4,0,1.2,2.6,84776.89166424784,212.949359162737
270833603001011,0,0,0,0,17,11.9,0,10.2,22.1,95693.62718236534,2995.978837313054
270833605001039,0,0,0,0,4,2.8,0,2.4,5.2,95991.52440350704,36404.6766803823
270833602002017,0,0,0,0,6,4.2,0,3.6,7.8,82929.15577864803,10.157304790200461
270833602003016,0,0,0,0,1,0.7,0,0.6,1.3,68096.96239859686,2.0287381532390434
270833607002004,0,0,0,0,12,8.4,0,7.2,15.6,61181.42390546781,4080.5491663624384
270833602001089,0,0,0,0,1,0.7,0,0.6,1.3,61121.27095406738,1.997496857245605
270833607001007,2,0,0,2,59,48.3,2.4,38.2,88.9,62760.355843884274,3986.632092043828
270833601003061,0,0,0,0,13,9.1,0,7.8,16.9,82252.53557812035,3517.2323803502504
270833603001006,0,0,0,0,47,32.9,0,28.2,61.1,95588.24683142008,8851.609557997399
270833602002077,0,0,0,0,3,2.1,0,1.8,3.9,91052.64099584811,3.0080861237082996
270833602001070,1,1,0,0,3,2.8,1.2,2.3,6.3,13195.610425117655,6.058189417266045
270833601003062,0,0,0,0,11,7.7,0,6.6,14.3,82541.3940584218,3533.108321861629
270833603003007,0,0,0,0,12,8.4,0,7.2,15.6,94270.41951173289,13715.03894003034
270833606003045,0,0,0,0,4,2.8,0,2.4,5.2,10241.97994308108,4.988704781658576
270833606003112,0,0,0,0,2,1.4,0,1.2,2.6,81748.63241185165,211.7819906788654
270833601001089,0,0,0,0,4,2.8,0,2.4,5.2,25785.348085169084,6.028356921134883
270833602001083,0,0,0,0,6,4.2,0,3.6,7.8,70241.45061116014,7.808545650913051
270833601001131,0,0,0,0,1,0.7,0,0.6,1.3,85096.77215884256,1.5029823456721525
270833601004012,39,0,33,6,21,312.9,46.8,176.1,535.8,83772.45862411975,4546.510297363742
270833606004015,0,0,0,0,10,7,0,6,13,71592.42448323833,1124.8564077821154
270833601004010,0,0,0,0,20,14,0,12,26,76868.31128068079,743.3784961886956
270833602002055,0,0,0,0,10,7,0,6,13,93209.57673506827,70.34000681253208
270833602002039,0,0,0,0,5,3.5,0,3,6.5,72592.62314499984,9.46237485309436
270833602003033,19,3,16,0,4,139.3,22.8,79.1,241.2,86786.96097059871,246.7475957301176
270833602002042,0,0,0,0,6,4.2,0,3.6,7.8,88345.6834180963,11.878453292664892
270833602001063,0,0,0,0,1,0.7,0,0.6,1.3,88942.9974205808,90.15248025739854
270833607001013,0,0,0,0,6,4.2,0,3.6,7.8,55558.92974769786,3602.5555164260727
270833602003082,0,0,0,0,2,1.4,0,1.2,2.6,69314.06456089392,5.10070116368901
270833606003139,0,0,0,0,2,1.4,0,1.2,2.6,51054.34221988923,3.1500808987345934
270833604002010,0,0,0,0,6,4.2,0,3.6,7.8,95971.07875063465,38488.725434983084
270833604003017,0,0,0,0,13,9.1,0,7.8,16.9,94990.27356654547,22826.94866824454
270833602001037,0,0,0,0,7,4.9,0,4.2,9.1,21831.47373814691,9.133454808899122
270833601001099,0,0,0,0,3,2.1,0,1.8,3.9,43398.250684080675,3.0261727949428527
270833606001087,0,0,0,0,1,0.7,0,0.6,1.3,40982.994087564286,3.063355771293148
270833601001121,0,0,0,0,1,0.7,0,0.6,1.3,40460.99278048419,1.194046671147321
270833602003112,0,0,0,0,2,1.4,0,1.2,2.6,77034.87432141302,2.0617163439929023
270833606003082,0,0,0,0,4,2.8,0,2.4,5.2,25032.503251228645,5.008319639606223
270833606001010,6,6,0,0,4,6.999999999999999,7.2,5.4,19.6,12033.78430312422,19.717266134979266
270833606003041,0,0,0,0,5,3.5,0,3,6.5,75294.84424876233,7.196494609090482
270833606002081,28,0,0,28,10,105,33.6,45.2,183.8,85738.24503189742,977.9968820632347
270833605001040,50,0,2,48,26,203,60,92.2,355.2,96276.36927644302,33377.060653011045
270833601004035,46,24,1,21,7,103.6,55.2,50.3,209.1,85140.02806289509,3184.8858560900453
270833606001054,0,0,0,0,1,0.7,0,0.6,1.3,22533.66668513641,1.096709815101802
270833602003059,4,4,0,0,4,5.6,4.8,4.4,14.8,80754.95124433562,13.981148012784184
270833605003029,0,0,0,0,14,9.8,0,8.4,18.2,95455.38263221204,32713.28966148724
270833601003034,0,0,0,0,2,1.4,0,1.2,2.6,11203.441861193372,3.397083517224199
270833603002012,0,0,0,0,18,12.6,0,10.8,23.4,95137.83457599401,25461.115537414007
270833605003017,0,0,0,0,16,11.2,0,9.6,20.8,95597.32752853191,30797.442548525156
270833601003003,0,0,0,0,1,0.7,0,0.6,1.3,4210.90341236111,0.9978482745647912
270833604002002,0,0,0,0,6,4.2,0,3.6,7.8,95740.79988806788,38079.63192203152
270833606002052,0,0,0,0,2,1.4,0,1.2,2.6,18870.265462713025,2.0451552429780144
270833602001032,0,0,0,0,4,2.8,0,2.4,5.2,3883.3609052050997,5.270918344968519
270833606003055,0,0,0,0,2,1.4,0,1.2,2.6,26718.805343969296,2.0004821185517687
270833601003051,0,0,0,0,9,6.3,0,5.4,11.7,83230.04876500544,2607.568751346451
270833602001146,0,0,0,0,3,2.1,0,1.8,3.9,37701.67300000068,2.9999915954340555
270833602001103,0,0,0,0,2,1.4,0,1.2,2.6,78797.76366506712,5.091142064620573
270833601004032,0,0,0,0,4,2.8,0,2.4,5.2,84494.94161750174,3983.136491244162
270833601001082,0,0,0,0,1,0.7,0,0.6,1.3,67715.90591673066,1.183671040321165
270833601002025,43,0,43,0,3,363.3,51.6,203.9,618.8,83943.54250867642,3323.047259908474
270833601002029,0,0,0,0,2,1.4,0,1.2,2.6,83949.55804453838,2775.6097630626946
270833602001021,20,20,0,0,4,16.8,24,12.4,53.2,69822.31402158026,52.95625272126368
270833601003064,16,7,0,9,6,40.6,19.2,19.7,79.5,83115.49936918214,3361.8369561396826
270833602003092,0,0,0,0,4,2.8,0,2.4,5.2,73781.76009549023,5.054794041357027
270833607002011,0,0,0,0,10,7,0,6,13,61380.48208165803,4099.137687454903
270833602002011,0,0,0,0,5,3.5,0,3,6.5,91465.06163259181,543.0607671715219
270833602002015,0,0,0,0,2,1.4,0,1.2,2.6,80627.53535573404,1.9955636148776232
270833602003076,0,0,0,0,1,0.7,0,0.6,1.3,80399.12475456706,6.013039683317121
270833601001046,0,0,0,0,3,2.1,0,1.8,3.9,7309.9265254705115,3.8370219942315034
270833601001063,0,0,0,0,1,0.7,0,0.6,1.3,69075.29565924272,1.1584809827042515
270833602002076,0,0,0,0,4,2.8,0,2.4,5.2,88303.55518500338,5.010258289877284
270833602003000,0,0,0,0,1,0.7,0,0.6,1.3,17302.013939152937,2.9937580649834605
270833602002019,0,0,0,0,5,3.5,0,3,6.5,75559.25109235763,26.0801852453813
270833601004021,1,0,0,1,17,15.4,1.2,11.6,28.2,85681.70266195494,2525.2617512298484
270833606002053,0,0,0,0,5,3.5,0,3,6.5,24854.77745851208,6.0133992578980635
270833602003052,0,0,0,0,4,2.8,0,2.4,5.2,86305.04009477318,5.110451691346489
270833606004012,0,0,0,0,7,4.9,0,4.2,9.1,63651.55345649794,1096.6621884810731
270833607002010,0,0,0,0,11,7.7,0,6.6,14.3,62173.63391493666,4051.9073997809014
270833601001090,5,5,0,0,1,4.2,6,3.1,13.3,19163.130592577138,12.98550917241821
270833602002088,0,0,0,0,2,1.4,0,1.2,2.6,74823.10064117775,2.215253777674653
270833602001158,0,0,0,0,5,3.5,0,3,6.5,91228.90855772549,569.5891782897904
270833601004006,3,3,0,0,44,32.9,3.6,27.9,64.4,82406.96486055703,998.1733657169376
270833606001123,0,0,0,0,1,0.7,0,0.6,1.3,20209.939685402063,2.4239483714678016
270833601003037,0,0,0,0,2,1.4,0,1.2,2.6,37543.815099078114,6.541169087019958
270833606003049,0,0,0,0,4,2.8,0,2.4,5.2,7369.907057540184,5.012026590334541
270833606003048,0,0,0,0,4,2.8,0,2.4,5.2,6414.4828494621515,4.989790080337159
270833602001054,0,0,0,0,2,1.4,0,1.2,2.6,83411.64767555906,2.2664906234784965
270833606003097,4,0,0,4,1,14.7,4.8,6.2,25.7,84368.00092583854,212.9591553688001
270833606002061,0,0,0,0,13,9.1,0,7.8,16.9,83046.685417251545,959.7615009217936
270833602001082,0,0,0,0,2,1.4,0,1.2,2.6,14964.343846876889,1.998463330104347
270833601001043,0,0,0,0,3,2.1,0,1.8,3.9,8631.92539180508,3.0092887280396172
270833606002072,0,0,0,0,10,7,0,6,13,85679.59739181123,978.3858475399876
270833605002002,34,27,0,7,8,49,40.8,28.1,117.9,91695.71719043609,174.92120364287103
270833602002111,0,0,0,0,1,0.7,0,0.6,1.3,88030.45623514829,204.03670333385037
270833605001020,0,0,0,0,21,14.7,0,12.6,27.3,95429.0166421896,26793.09991946779
270833602001003,1,0,0,1,3,5.6,1.2,3.2,10,74043.70422377203,12.948445925474465
270833602003073,0,0,0,0,2,1.4,0,1.2,2.6,72217.63792920171,2.2369415869517293
270833601004029,2,2,0,0,4,4.2,2.4,3.4,10,84494.94161750174,3980.4804770598003
270833602003088,0,0,0,0,1,0.7,0,0.6,1.3,77188.33815544925,1.7830104411990155
270833604002009,584,0,0,584,84,2102.8,700.8,867.9999999999999,3671.6,95885.87839521961,35251.37827713853
270833602002014,0,0,0,0,1,0.7,0,0.6,1.3,87537.53479121644,6.356045698650936
270833604003004,0,0,0,0,9,6.3,0,5.4,11.7,96992.57521042641,36108.56009068547
270833605003026,0,0,0,0,9,6.3,0,5.4,11.7,95741.65930185502,29065.930718893833
270833601001059,0,0,0,0,2,1.4,0,1.2,2.6,9178.022160174662,2.0103268410477484
270833602003045,0,0,0,0,1,0.7,0,0.6,1.3,78837.92527258446,1.0519948154640184
270833605001046,69,0,21,48,21,359.1,82.8,178.5,620.4,96476.26879949505,38032.70206804656
270833606001151,2,0,2,0,5,20.3,2.4,12.4,35.1,12946.582970637824,35.22974000738261
270833606004018,0,0,0,0,6,4.2,0,3.6,7.8,60451.88856044882,609.9262830540316
270833602001049,0,0,0,0,6,4.2,0,3.6,7.8,90757.46081098757,568.776066233695
270833606003043,0,0,0,0,3,2.1,0,1.8,3.9,15981.39440497421,3.1197389584438007
270833606003003,0,0,0,0,1,0.7,0,0.6,1.3,10090.974257353344,1.0033362938650248
270833602001081,0,0,0,0,5,3.5,0,3,6.5,10228.085889087042,5.999248501859391
270833602003051,0,0,0,0,2,1.4,0,1.2,2.6,86671.5386219065,4.7536137171584
270833606001044,0,0,0,0,3,2.1,0,1.8,3.9,7735.6937793792395,3.0008587503889728
270833606002107,1,1,0,0,3,2.8,1.2,2.3,6.3,52609.53108243201,62.56743611507948
270833602001065,0,0,0,0,1,0.7,0,0.6,1.3,81371.15659383507,1.0112959062153672
270833606002013,0,0,0,0,4,2.8,0,2.4,5.2,82089.6116101871,4.988566547996937
270833606002087,6,6,0,0,2,5.6,7.2,4.2,17,36010.06139160622,16.988510252078473
270833606003063,0,0,0,0,3,2.1,0,1.8,3.9,77600.09519597136,3.094191558563087
270833606001021,0,0,0,0,2,1.4,0,1.2,2.6,4187.60338250999,1.9985142246237904
270833602001099,0,0,0,0,3,2.1,0,1.8,3.9,76866.21921608383,3.0216625743185586
270833604002006,3,3,0,0,5,5.6,3.6,4.5,13.7,95769.33769626843,35434.94051584008
270833602003038,0,0,0,0,2,1.4,0,1.2,2.6,84481.76730011778,2.520987913028325
270833607002009,0,0,0,0,19,13.3,0,11.4,24.7,60880.09643811325,4199.093764202409
270833606003098,0,0,0,0,3,2.1,0,1.8,3.9,84975.07724016231,213.0065907390832
270833601003056,0,0,0,0,8,5.6,0,4.8,10.4,82970.97756652687,3481.1280319737557
270833601003023,0,0,0,0,4,2.8,0,2.4,5.2,70303.17703474664,266.71681234509543
270833602001079,6,0,0,6,2,22.4,7.2,9.6,39.2,29804.313413260952,38.941687608033554
270833606002096,0,0,0,0,2,1.4,0,1.2,2.6,70213.18477432906,2.0198221737938207
270833606002103,0,0,0,0,2,1.4,0,1.2,2.6,66564.29102152707,2.1202528652950967
270833601001041,0,0,0,0,4,2.8,0,2.4,5.2,41214.842095798114,5.002170797282864
270833607001021,0,0,0,0,6,4.2,0,3.6,7.8,65781.46081565504,3368.493446380506
270833604003003,103,68,0,35,26,188.3,123.6,98.6,410.5,95120.43856493969,28769.679931920266
270833602001090,0,0,0,0,1,0.7,0,0.6,1.3,23930.325931005606,1.9977015273348981
270833601004015,19,0,0,19,6,70.7,22.8,30.2,123.7,84709.80709319412,4571.797305882497
270833606002003,0,0,0,0,6,4.2,0,3.6,7.8,76540.69979329544,6.981139266767541
270833602001155,0,0,0,0,2,1.4,0,1.2,2.6,27440.969509375707,2.0015746103219745
270833602002035,0,0,0,0,12,8.4,0,7.2,15.6,78289.60523580147,29.91783071434796
270833602003115,1,1,0,0,5,4.2,1.2,3.5,8.9,74971.79303305731,7.986006937268413
270833604002027,0,0,0,0,11,7.7,0,6.6,14.3,96797.65542517451,42191.721960582494
270833602003026,0,0,0,0,2,1.4,0,1.2,2.6,92268.83954611275,47.870628110087615
270833606002101,0,0,0,0,1,0.7,0,0.6,1.3,67096.98512932647,1.1299541133080548
270833605001032,0,0,0,0,3,2.1,0,1.8,3.9,95861.27182579694,29704.18041434963
270833605002018,50,0,0,50,4,177.8,60,72.4,310.2,95890.15230885278,21934.82373364752
270833606001049,0,0,0,0,1,0.7,0,0.6,1.3,35908.57984327558,1.1249971301756743
270833606002044,0,0,0,0,3,2.1,0,1.8,3.9,83848.11123945344,2.999958674952009
270833602003053,0,0,0,0,5,3.5,0,3,6.5,92031.33289320822,246.70578667150627
270833603004020,88,19,0,69,3,256.9,105.6,107.9,470.4,93932.43038055688,2778.240506329211
270833605003022,30,0,0,30,18,117.6,36,52.8,206.4,94871.87374150343,31309.075345714024
270833606001041,0,0,0,0,2,1.4,0,1.2,2.6,73698.35398355268,2.0018199250268216
270833606003111,0,0,0,0,4,2.8,0,2.4,5.2,81392.20377841005,212.64162489383787
270833606002016,0,0,0,0,6,4.2,0,3.6,7.8,63912.258040143075,6.99192289185063
270833602001113,0,0,0,0,1,0.7,0,0.6,1.3,66486.3789234782,2.705757503125675
270833606001139,0,0,0,0,2,1.4,0,1.2,2.6,13962.477918985534,2.012790874141068
270833606002028,0,0,0,0,4,2.8,0,2.4,5.2,83061.68322648328,15.968606639457782
270833606002090,0,0,0,0,1,0.7,0,0.6,1.3,87345.29230733121,1.0314334396581795
270833602003050,0,0,0,0,1,0.7,0,0.6,1.3,89978.87369768176,2.666386594841307
270833601001101,6,6,0,0,4,6.999999999999999,7.2,5.4,19.6,70175.83167502377,22.00175592083851
270833602001006,0,0,0,0,2,1.4,0,1.2,2.6,78571.07798733372,2.0974053913596284
270833602001163,0,0,0,0,12,8.4,0,7.2,15.6,90504.63073529664,569.2463996374377
270833602003077,0,0,0,0,1,0.7,0,0.6,1.3,82884.78629165165,16.079323811555444
270833606002017,0,0,0,0,1,0.7,0,0.6,1.3,76229.68941043426,1.241812515452398
270833601001025,0,0,0,0,5,3.5,0,3,6.5,28244.894528492834,5.99948155069054
270833601004050,0,0,0,0,2,1.4,0,1.2,2.6,78930.44034584217,3.3820328731138867
270833602003147,0,0,0,0,1,0.7,0,0.6,1.3,33406.40488786784,1.0065608599444233
270833602001075,0,0,0,0,2,1.4,0,1.2,2.6,16025.73004705332,2.0323182743452772
270833606002022,0,0,0,0,2,1.4,0,1.2,2.6,67535.3100543326,1.999743293585706
270833606001008,0,0,0,0,4,2.8,0,2.4,5.2,3409.221823985041,4.988566547996937
270833607003003,0,0,0,0,5,3.5,0,3,6.5,54483.14631099459,4109.275704173916
270833606003081,0,0,0,0,4,2.8,0,2.4,5.2,83012.52848528123,5.136136921715234
270833606001112,5,5,0,0,1,4.2,6,3.1,13.3,16072.291158377904,13.118846315868256
270833601001021,1,1,0,0,4,3.5,1.2,2.9,7.6,14631.048837504264,7.1532627373150275
270833602001095,0,0,0,0,1,0.7,0,0.6,1.3,2297.5664688318984,0.9990922222283065
270833601002001,0,0,0,0,9,6.3,0,5.4,11.7,82106.23256074578,3534.657382967477
270833606001042,0,0,0,0,1,0.7,0,0.6,1.3,25913.329976799374,0.9994473437474939
270833606004000,3,0,3,0,28,44.8,3.6,30.9,79.3,25892.41768853852,79.21803652675766
270833602002028,0,0,0,0,16,11.2,0,9.6,20.8,93416.65624091022,22.997547703906758
270833606001019,0,0,0,0,1,0.7,0,0.6,1.3,64881.4280228432,41.84398399715308
270833606004017,4,4,0,0,16,14,4.8,11.6,30.4,71828.91542444835,583.9977061744304
270833606002015,0,0,0,0,5,3.5,0,3,6.5,79873.69262322462,5.998587192665621
270833602001164,0,0,0,0,5,3.5,0,3,6.5,8868.796305035092,6.457024195951599
270833606003067,0,0,0,0,1,0.7,0,0.6,1.3,24536.94635799846,2.6323889101774496
270833606001115,0,0,0,0,1,0.7,0,0.6,1.3,42069.982174722856,2.957627321738184
270833601001061,0,0,0,0,1,0.7,0,0.6,1.3,54364.2807629841,1.1991168945340742
270833601001092,0,0,0,0,1,0.7,0,0.6,1.3,35752.806488218084,1.5406162902053127
270833602001134,0,0,0,0,1,0.7,0,0.6,1.3,18333.73247400854,0.9988531876252128
270833606002083,0,0,0,0,2,1.4,0,1.2,2.6,30715.408737790098,2.051891762381858
270833601004011,355,0,0,355,83,1300.6,426,546.8,2273.4,82531.75808527233,3949.1669644398626
270833606001119,0,0,0,0,2,1.4,0,1.2,2.6,12604.043452914659,1.999570324185387
270833602003153,0,0,0,0,2,1.4,0,1.2,2.6,31041.76164523396,2.007463547498013
270833601004003,2,0,0,2,1,7.7,2.4,3.4,13.5,45602.0003481188,1934.5584259753034
270833606003054,0,0,0,0,2,1.4,0,1.2,2.6,25249.070505684802,3.0645259996802654
270833602002043,0,0,0,0,2,1.4,0,1.2,2.6,94225.98756234054,27.92457361713994
270833607003000,4,0,0,4,18,26.6,4.8,16.4,47.8,34890.45901579003,88.80079629521047
270833602003014,0,0,0,0,2,1.4,0,1.2,2.6,84773.96647706743,2.9549815058468214
270833606001047,0,0,0,0,10,7,0,6,13,50177.67864424847,15.05729588499457
270833606001007,0,0,0,0,6,4.2,0,3.6,7.8,1734.0237611920122,6.996692261542344
270833601003053,1,0,0,1,11,11.2,1.2,8,20.4,82277.06158069112,3401.994487618505
270833606003148,0,0,0,0,12,8.4,0,7.2,15.6,78263.60452720438,212.7744812322148
270833602001129,0,0,0,0,1,0.7,0,0.6,1.3,78923.19462155655,1.0295395311499476
270833601003066,10,4,6,0,1,53.9,12,30.8,96.7,82841.56649370326,2468.0281868608213
270833602001085,0,0,0,0,3,2.1,0,1.8,3.9,42719.01427234272,3.000393792044511
270833606002012,0,0,0,0,5,3.5,0,3,6.5,64855.1097032756,6.984723496718244
270833603001019,0,0,0,0,27,18.9,0,16.2,35.1,93249.51626774004,1992.856183207615
270833602002057,0,0,0,0,36,25.2,0,21.6,46.8,90141.05422807054,46.67594832787682
270833601003005,0,0,0,0,2,1.4,0,1.2,2.6,40123.10412798526,2.0085549600774506
270833606002084,0,0,0,0,3,2.1,0,1.8,3.9,42285.57781236881,3.006830735664546
270833606001129,0,0,0,0,2,1.4,0,1.2,2.6,25166.48234823268,4.019441159585347
270833601001001,0,0,0,0,5,3.5,0,3,6.5,79232.4379629945,7.883698670010228
270833601001002,0,0,0,0,4,2.8,0,2.4,5.2,66515.81005628509,150.42880426015975
270833606004006,0,0,0,0,2,1.4,0,1.2,2.6,37118.08315008671,2.6482521885087187
270833601002005,0,0,0,0,2,1.4,0,1.2,2.6,83376.62166597894,3665.319743857169
270833605001044,0,0,0,0,3,2.1,0,1.8,3.9,96118.19600758051,36611.75249204752
270833606003089,0,0,0,0,3,2.1,0,1.8,3.9,39734.37297808347,3.7107654297988963
270833601001129,0,0,0,0,1,0.7,0,0.6,1.3,88219.05102598868,4.120665019426058
270833602002109,0,0,0,0,7,4.9,0,4.2,9.1,89392.53907791433,518.9679140659565
270833606001064,7,7,0,0,2,6.3,8.4,4.7,19.4,28628.39161633288,19.035429944843965
270833606001051,0,0,0,0,4,2.8,0,2.4,5.2,25034.756086185047,5.1810348487423346
270833602001128,0,0,0,0,1,0.7,0,0.6,1.3,42818.20553091152,3.08944340676808
270833602001115,0,0,0,0,1,0.7,0,0.6,1.3,81841.18667798548,3.2720791750630904
270833602003144,0,0,0,0,2,1.4,0,1.2,2.6,45190.58079468234,2.0079364850871997
